-- MySQL dump 10.13  Distrib 5.5.44, for debian-linux-gnu (i686)
--
-- Host: localhost    Database: salary
-- ------------------------------------------------------
-- Server version	5.5.44-0+deb7u1

/*!40101 SET @OLD_CHARACTER_SET_CLIENT=@@CHARACTER_SET_CLIENT */;
/*!40101 SET @OLD_CHARACTER_SET_RESULTS=@@CHARACTER_SET_RESULTS */;
/*!40101 SET @OLD_COLLATION_CONNECTION=@@COLLATION_CONNECTION */;
/*!40101 SET NAMES utf8 */;
/*!40103 SET @OLD_TIME_ZONE=@@TIME_ZONE */;
/*!40103 SET TIME_ZONE='+00:00' */;
/*!40014 SET @OLD_UNIQUE_CHECKS=@@UNIQUE_CHECKS, UNIQUE_CHECKS=0 */;
/*!40014 SET @OLD_FOREIGN_KEY_CHECKS=@@FOREIGN_KEY_CHECKS, FOREIGN_KEY_CHECKS=0 */;
/*!40101 SET @OLD_SQL_MODE=@@SQL_MODE, SQL_MODE='NO_AUTO_VALUE_ON_ZERO' */;
/*!40111 SET @OLD_SQL_NOTES=@@SQL_NOTES, SQL_NOTES=0 */;

--
-- Table structure for table `advance`
--

DROP TABLE IF EXISTS `advance`;
/*!40101 SET @saved_cs_client     = @@character_set_client */;
/*!40101 SET character_set_client = utf8 */;
CREATE TABLE `advance` (
  `staff_id` bigint(20) NOT NULL,
  `bill_group` int(11) NOT NULL,
  `advance_type` varchar(100) NOT NULL,
  `reference` varchar(100) NOT NULL,
  `amount` float NOT NULL
) ENGINE=InnoDB DEFAULT CHARSET=latin1;
/*!40101 SET character_set_client = @saved_cs_client */;

--
-- Dumping data for table `advance`
--

LOCK TABLES `advance` WRITE;
/*!40000 ALTER TABLE `advance` DISABLE KEYS */;
/*!40000 ALTER TABLE `advance` ENABLE KEYS */;
UNLOCK TABLES;

--
-- Table structure for table `advance_type`
--

DROP TABLE IF EXISTS `advance_type`;
/*!40101 SET @saved_cs_client     = @@character_set_client */;
/*!40101 SET character_set_client = utf8 */;
CREATE TABLE `advance_type` (
  `advance_type` varchar(100) NOT NULL,
  PRIMARY KEY (`advance_type`)
) ENGINE=InnoDB DEFAULT CHARSET=latin1;
/*!40101 SET character_set_client = @saved_cs_client */;

--
-- Dumping data for table `advance_type`
--

LOCK TABLES `advance_type` WRITE;
/*!40000 ALTER TABLE `advance_type` DISABLE KEYS */;
INSERT INTO `advance_type` VALUES ('Festival_A_7057(+)'),('Festival_A_7057(-)'),('Food_Grains_A_7058(+)'),('Food_Grains_A_7058(-)'),('GPFA_IV_9531(+)'),('GPFA_IV_9531(-)'),('GPFA_non_IV_9670(+)'),('GPFA_non_IV_9670(-)');
/*!40000 ALTER TABLE `advance_type` ENABLE KEYS */;
UNLOCK TABLES;

--
-- Table structure for table `bill_group`
--

DROP TABLE IF EXISTS `bill_group`;
/*!40101 SET @saved_cs_client     = @@character_set_client */;
/*!40101 SET character_set_client = utf8 */;
CREATE TABLE `bill_group` (
  `bill_number` int(11) NOT NULL,
  `date_of_preparation` date NOT NULL,
  `from_date` date NOT NULL,
  `to_date` date NOT NULL,
  `head` varchar(100) NOT NULL,
  `type` varchar(100) NOT NULL,
  `remark` varchar(100) NOT NULL,
  PRIMARY KEY (`bill_number`)
) ENGINE=InnoDB DEFAULT CHARSET=latin1;
/*!40101 SET character_set_client = @saved_cs_client */;

--
-- Dumping data for table `bill_group`
--

LOCK TABLES `bill_group` WRITE;
/*!40000 ALTER TABLE `bill_group` DISABLE KEYS */;
/*!40000 ALTER TABLE `bill_group` ENABLE KEYS */;
UNLOCK TABLES;

--
-- Table structure for table `bill_type`
--

DROP TABLE IF EXISTS `bill_type`;
/*!40101 SET @saved_cs_client     = @@character_set_client */;
/*!40101 SET character_set_client = utf8 */;
CREATE TABLE `bill_type` (
  `bill_type` varchar(100) NOT NULL
) ENGINE=InnoDB DEFAULT CHARSET=latin1;
/*!40101 SET character_set_client = @saved_cs_client */;

--
-- Dumping data for table `bill_type`
--

LOCK TABLES `bill_type` WRITE;
/*!40000 ALTER TABLE `bill_type` DISABLE KEYS */;
INSERT INTO `bill_type` VALUES ('Pay Bill'),('Arrears Bill'),('Supplimentary bill');
/*!40000 ALTER TABLE `bill_type` ENABLE KEYS */;
UNLOCK TABLES;

--
-- Table structure for table `department`
--

DROP TABLE IF EXISTS `department`;
/*!40101 SET @saved_cs_client     = @@character_set_client */;
/*!40101 SET character_set_client = utf8 */;
CREATE TABLE `department` (
  `department` varchar(200) NOT NULL,
  PRIMARY KEY (`department`)
) ENGINE=InnoDB DEFAULT CHARSET=utf8;
/*!40101 SET character_set_client = @saved_cs_client */;

--
-- Dumping data for table `department`
--

LOCK TABLES `department` WRITE;
/*!40000 ALTER TABLE `department` DISABLE KEYS */;
INSERT INTO `department` VALUES (''),('Anatomy'),('Anesthesiology'),('Biochemistry'),('Burns and Plastic Surgery'),('Cardiology'),('Community Medicine'),('Dentistry'),('Emergency Medicine'),('ENT'),('ENT-NPPCD'),('Forensic Medicine'),('General surgery'),('IHBT'),('Medicine'),('Microbiology'),('Neurology'),('Neurosurgery'),('Obstetrics and Gynacology(NTMO)'),('Obstetrics and Gynecology'),('Obstetrics and Gynecology(MCHO)'),('Opthalmology'),('Orthopedics'),('Paediatrics'),('Pathology'),('Pharmacology'),('Physiology'),('Psychiatry'),('Radiology'),('Respiratory Medicine'),('Skin and VD');
/*!40000 ALTER TABLE `department` ENABLE KEYS */;
UNLOCK TABLES;

--
-- Table structure for table `post`
--

DROP TABLE IF EXISTS `post`;
/*!40101 SET @saved_cs_client     = @@character_set_client */;
/*!40101 SET character_set_client = utf8 */;
CREATE TABLE `post` (
  `post` varchar(100) NOT NULL,
  PRIMARY KEY (`post`)
) ENGINE=InnoDB DEFAULT CHARSET=latin1;
/*!40101 SET character_set_client = @saved_cs_client */;

--
-- Dumping data for table `post`
--

LOCK TABLES `post` WRITE;
/*!40000 ALTER TABLE `post` DISABLE KEYS */;
INSERT INTO `post` VALUES (''),('Account Officer'),('Additional Professor'),('Administrative Officer'),('Assistant Professor'),('Associate Professor'),('Dean'),('Medical Superintendent'),('Professor'),('Tutor');
/*!40000 ALTER TABLE `post` ENABLE KEYS */;
UNLOCK TABLES;

--
-- Table structure for table `salary`
--

DROP TABLE IF EXISTS `salary`;
/*!40101 SET @saved_cs_client     = @@character_set_client */;
/*!40101 SET character_set_client = utf8 */;
CREATE TABLE `salary` (
  `staff_id` bigint(20) NOT NULL,
  `bill_group` int(11) NOT NULL,
  `bill_number` int(11) NOT NULL,
  `fullname` varchar(300) NOT NULL,
  `department` varchar(200) NOT NULL,
  `post` varchar(100) NOT NULL,
  `from_date` date NOT NULL,
  `to_date` date NOT NULL,
  `bill_type` varchar(100) NOT NULL,
  `remark` varchar(100) NOT NULL,
  `Pay_of_Officer_0101(+)` float NOT NULL,
  `Grade_Pay_of_Officer_0101(+)` float NOT NULL,
  `Pay_of_Establishment_0102(+)` float NOT NULL,
  `Grade_Pay_of_Establishment_0102(+)` float NOT NULL,
  `NPA_0128(+)` float NOT NULL,
  `Leave_Salary_Encash_0109(+)` float NOT NULL,
  `Dearness_Allowance_0103(+)` float NOT NULL,
  `Compansatory_Local_Allowance_0111(+)` float NOT NULL,
  `House_Rent_Allowance_0110(+)` float NOT NULL,
  `Medical_Allowance_0107(+)` float NOT NULL,
  `BA_0104(+)` float NOT NULL,
  `Transport_Allowance_0113(+)` float NOT NULL,
  `Interim_Relief_0112(+)` float NOT NULL,
  `Washing_Allowance_0132(+)` float NOT NULL,
  `Uniform_Allowance_0131(+)` float NOT NULL,
  `Nursing_Allownace_0129(+)` float NOT NULL,
  `Special_Post_Allow_0104(+)` float NOT NULL,
  `Family_Welfare_Allow_0104(+)` float NOT NULL,
  `Ceiling_Extra_0104(+)` int(11) NOT NULL,
  `Income_Tax_9510(-)` float NOT NULL,
  `Rent_of_Building_9560(-)` float NOT NULL,
  `Professional_Tax_9570(-)` float NOT NULL,
  `SIS_I_9581(-)` float NOT NULL,
  `SIS_S_9582(-)` float NOT NULL,
  `GPF_non_IV_9670(-)` float NOT NULL,
  `GPF_IV_9531(-)` float NOT NULL,
  `CPF_9690(-)` float NOT NULL,
  `Festival_A_5701(-)` float NOT NULL,
  `Food_Grains_A_5801(-)` float NOT NULL,
  `Car_A_9741(-)` float NOT NULL,
  `HBA_9591(-)` float NOT NULL,
  `Pay_of_Officer_0101(-)` float NOT NULL,
  `Pay_of_Establishment_0102(-)` float NOT NULL,
  `bank_acc_number` varchar(50) NOT NULL,
  `bank` varchar(100) NOT NULL,
  `gpf_acc` varchar(50) NOT NULL,
  `cpf_acc` varchar(100) NOT NULL,
  `pan` varchar(20) NOT NULL,
  `quarter` varchar(20) NOT NULL,
  `budget_head` varchar(100) NOT NULL,
  `pay_scale` varchar(100) NOT NULL,
  `old_pay_scale` varchar(100) NOT NULL,
  PRIMARY KEY (`staff_id`,`bill_group`)
) ENGINE=InnoDB DEFAULT CHARSET=latin1;
/*!40101 SET character_set_client = @saved_cs_client */;

--
-- Dumping data for table `salary`
--

LOCK TABLES `salary` WRITE;
/*!40000 ALTER TABLE `salary` DISABLE KEYS */;
INSERT INTO `salary` VALUES (1,12170301,11,'A.N. PANDYA','IHBT','Professor','2017-03-01','2017-03-31','Pay Bill','',49980,10000,0,0,14995,0,93719,240,14995,300,100,1600,0,0,0,0,0,0,0,37500,0,200,120,280,16000,0,0,0,0,0,0,0,0,'111110001466','Dena Bank','MED/GUJ/26372','','ACSPP5785D','','','37400-67000','16400-22400'),(1,12170401,11,'A.N. PANDYA','IHBT','Professor','2017-04-01','2017-03-31','Pay Bill','April-2017',49980,10000,0,0,14995,0,93719,240,14995,300,100,1600,0,0,0,0,0,0,0,37500,0,200,120,280,16000,0,0,0,0,0,0,0,0,'111110001466','Dena Bank','MED/GUJ/26372','','ACSPP5785D','','','37400-67000','16400-22400'),(2,12170301,3,'ABHAY KAVISVAR','Community Medicine','Associate Professor','2017-03-01','2017-03-31','Pay Bill','',49830,9000,0,0,14708,0,91923,240,14708,300,100,1600,0,0,0,0,0,0,0,37000,0,200,120,280,20000,0,0,0,0,0,0,0,0,'111110001944','Dena Bank','MED/GUJ/26652','','ADPPK7627P','','','15600-39100','12000-16500'),(2,12170401,3,'ABHAY KAVISVAR','Community Medicine','Associate Professor','2017-04-01','2017-03-31','Pay Bill','',49830,9000,0,0,14708,0,91923,240,14708,300,100,1600,0,0,0,0,0,0,0,37000,0,200,120,280,20000,0,0,0,0,0,0,0,0,'111110001944','Dena Bank','MED/GUJ/26652','','ADPPK7627P','','2210','15600-39100','12000-16500'),(3,12170301,4,'ALKA UDAYANIYA','Anatomy','Professor','2017-03-01','2017-03-31','Pay Bill','',53450,10000,0,0,15863,0,99141,240,0,300,100,0,0,0,0,0,0,0,0,35300,600,200,120,280,50000,0,0,0,0,0,0,0,0,'111110003687','Dena Bank','MED/GUJ/37969','','AFSPS2698B','A-16, PRO.QRTS','','37400-67000','16400-22400'),(3,12170401,4,'ALKA UDAYANIYA','Anatomy','Professor','2017-04-01','2017-03-31','Pay Bill','April-2017',53450,10000,0,0,15863,0,99141,240,0,300,100,0,0,0,0,0,0,0,0,35300,600,200,120,280,50000,0,0,0,0,0,0,0,0,'111110003687','Dena Bank','MED/GUJ/37969','','AFSPS2698B','A-16, PRO.QRTS','','37400-67000','16400-22400'),(4,12170301,9,'ALPANA MATHUR','Physiology','Associate Professor','2017-03-01','2017-03-31','Pay Bill','',44820,9000,0,0,13455,0,84094,240,0,300,100,0,0,0,0,0,0,0,0,23000,600,200,120,280,12110,0,0,0,0,0,0,0,0,'111110004966','Dena Bank','2010140746600013','','AEMPM3116M','A-2 PROF QUART','','37400-67000','12000-16500'),(4,12170401,9,'ALPANA MATHUR','Physiology','Associate Professor','2017-04-01','2017-03-31','Pay Bill','',44820,9000,0,0,13455,0,84094,240,0,300,100,0,0,0,0,0,0,0,0,23000,600,200,120,280,0,0,12110,0,0,0,0,0,0,'111110004966','Dena Bank','2010140746600013','','AEMPM3116M','A-2 PROF QUART','','37400-67000','12000-16500'),(5,12170301,11,'ALPESH PARMAR','General surgery','Assistant Professor','2017-03-01','2017-03-31','Pay Bill','',20990,7000,0,0,6998,0,43735,240,6998,300,100,1600,0,0,0,0,0,0,0,8000,0,200,0,0,0,0,0,0,0,0,0,0,0,'111110029235','Dena Bank','NOT ALLOTED','','CBJPP7341H','','','15600-39100','10000-15000'),(5,12170401,11,'ALPESH PARMAR','General surgery','Assistant Professor','2017-04-01','2017-03-31','Pay Bill','',20990,7000,0,0,6998,0,43735,240,6998,300,100,1600,0,0,0,0,0,0,0,8000,0,200,0,0,0,0,0,0,0,0,0,0,0,'111110029235','Dena Bank','NOT ALLOTED','','CBJPP7341H','','','15600-39100','10000-15000'),(6,12170301,4,'ANAND V. CHAUDHARY','ENT','Assistant Professor','2017-03-01','2017-03-31','Pay Bill','',18600,7000,0,0,6400,0,40000,240,6400,300,100,1600,0,0,0,0,0,0,0,4000,0,200,120,280,0,0,0,0,0,0,0,0,0,'111110025106','Dena Bank','NOT ALLOTED','','AFJPC1150R','','','15600-39100','10000-15200'),(6,12170401,4,'ANAND V. CHAUDHARY','ENT','Assistant Professor','2017-04-01','2017-03-31','Pay Bill','',18600,7000,0,0,6400,0,40000,240,6400,300,100,1600,0,0,0,0,0,0,0,4000,0,200,120,280,0,0,0,0,0,0,0,0,0,'111110025106','Dena Bank','NOT ALLOTED','','AFJPC1150R','','','15600-39100','10000-15200'),(7,12170301,11,'ANITA SINHA','Pharmacology','Assistant Professor','2017-03-01','2017-03-31','Pay Bill','',27460,7000,0,0,8615,0,53844,240,8615,300,100,1600,0,0,0,0,0,0,0,10000,0,200,120,280,10000,0,0,0,0,0,0,0,0,'111110004214','Dena Bank','MED/GUJ/35103','','AIJPS6098P','','','15600-39100','10000-15200'),(7,12170401,11,'ANITA SINHA','Pharmacology','Assistant Professor','2017-04-01','2017-03-31','Pay Bill','',27460,7000,0,0,8615,0,53844,240,8615,300,100,1600,0,0,0,0,0,0,0,10000,0,200,120,280,10000,0,0,0,0,0,0,0,0,'111110004214','Dena Bank','MED/GUJ/35103','','AIJPS6098P','','','15600-39100','10000-15200'),(8,12170301,9,'ANJALI M. MODI','Community Medicine','Associate Professor','2017-03-01','2017-03-31','Pay Bill','',24520,7000,0,0,7880,0,49250,240,0,300,100,0,0,0,0,0,0,0,0,9000,600,200,120,280,7092,0,0,0,0,0,0,0,0,'111110005445','Dena Bank','2010140746600001','','ABJPM7523Q','E-8,ASSO.PROF.','','15600-39100','10000-15200'),(8,12170401,9,'ANJALI M. MODI','Community Medicine','Associate Professor','2017-04-01','2017-03-31','Pay Bill','',24520,7000,0,0,7880,0,49250,240,0,300,100,0,0,0,0,0,0,0,0,9000,600,200,120,280,0,0,7092,0,0,0,0,0,0,'111110005445','Dena Bank','2010140746600001','','ABJPM7523Q','E-8,ASSO.PROF.','','15600-39100','10000-15200'),(9,12170301,4,'ANJANI SHRIVASTAVA','Obstetrics and Gynecology','Associate Professor','2017-03-01','2017-03-31','Pay Bill','',48110,9000,0,0,14278,0,89235,240,0,300,100,0,0,0,0,0,0,0,0,29000,600,200,0,0,0,0,0,0,0,0,0,0,0,'111110003050','Dena Bank','NOT ALLOTED','','AHHPS2260E','A-6, PROF.QURT','','37400-67000','12000-16500'),(9,12170401,4,'ANJANI SHRIVASTAVA','Obstetrics and Gynecology','Associate Professor','2017-04-01','2017-03-31','Pay Bill','',48110,9000,0,0,14278,0,89235,240,0,300,100,0,0,0,0,0,0,0,0,29000,600,200,0,0,0,0,0,0,0,0,0,0,0,'111110003050','Dena Bank','NOT ALLOTED','','AHHPS2260E','A-6, PROF.QURT','','37400-67000','12000-16500'),(10,12170301,9,'ANSHUL GUPTA','Orthopedics','Associate Professor','2017-03-01','2017-03-31','Pay Bill','',41720,9000,0,0,12680,0,79250,240,0,0,100,0,0,0,0,0,0,0,0,24500,600,200,120,280,11412,0,0,0,0,0,0,0,0,'111110004248','Dena Bank','2010140746600005','','AJPPG0046C','A-10 PROF QUART','','37400-67000','12000-16500'),(10,12170401,9,'ANSHUL GUPTA','Orthopedics','Associate Professor','2017-04-01','2017-03-31','Pay Bill','',41720,9000,0,0,12680,0,79250,240,0,0,100,0,0,0,0,0,0,0,0,24500,600,200,120,280,0,0,11412,0,0,0,0,0,0,'111110004248','Dena Bank','2010140746600005','','AJPPG0046C','A-10 PROF QUART','','37400-67000','12000-16500'),(11,12170301,44,'APEXA H. RANA','Dentistry','Tutor','2017-03-01','2017-03-31','Pay Bill','',61500,0,0,0,5210,0,0,240,5210,300,100,1600,0,0,0,0,0,0,0,4800,0,200,0,0,0,0,0,0,0,0,0,0,0,'111110029626','Dena Bank','NOT ALLOTED','','BFOPR6668R','','','9300-34800','8000-13500'),(11,12170401,44,'APEXA H. RANA','Dentistry','Tutor','2017-04-01','2017-03-31','Pay Bill','',61500,0,0,0,5210,0,0,240,5210,300,100,1600,0,0,0,0,0,0,0,4800,0,200,0,0,0,0,0,0,0,0,0,0,0,'111110029626','Dena Bank','NOT ALLOTED','','BFOPR6668R','','','15440 + 5400','9300-34800'),(12,12170301,99,'ARCHANA M. PATEL','Pathology','Tutor','2017-03-01','2017-03-31','Pay Bill','',65200,0,0,0,5530,0,0,240,0,300,100,0,0,0,0,0,0,0,0,5000,600,200,120,280,6520,0,0,0,0,0,0,0,0,'111110005587','Dena Bank','2015140746600051','','AVTPP0048B','D1/5,A.P.QURTS','','9300-34800','8000-13500'),(12,12170401,99,'ARCHANA M. PATEL','Pathology','Tutor','2017-04-01','2017-03-31','Pay Bill','',65200,0,0,0,5530,0,0,240,0,300,100,0,0,0,0,0,0,0,0,5000,600,200,120,280,0,0,6520,0,0,0,0,0,0,'111110005587','Dena Bank','2015140746600051','','AVTPP0048B','D1/5,A.P.QURTS','','16720 + 5400','9300 + 34800'),(13,12170301,11,'ARPTIA J. NISHAL','Pathology','Associate Professor','2017-03-01','2017-03-31','Pay Bill','',48110,9000,0,0,14278,0,89235,240,14278,300,100,1600,0,0,0,0,0,0,0,35000,0,200,120,280,15000,0,0,0,0,0,0,0,0,'111110002336','Dena Bank','MED/GUJ/40641','','AAXPN6048C','','','37400-67000','12000-16500'),(13,12170401,11,'ARPTIA J. NISHAL','Pathology','Associate Professor','2017-04-01','2017-03-31','Pay Bill','',48110,9000,0,0,14278,0,89235,240,14278,300,100,1600,0,0,0,0,0,0,0,35000,0,200,120,280,15000,0,0,0,0,0,0,0,0,'111110002336','Dena Bank','MED/GUJ/40641','','AAXPN6048C','','','37400-67000','12000-16500'),(14,12170301,44,'ASHISH C. ZALA','Pharmacology','Tutor','2017-03-01','2017-03-31','Pay Bill','',0,0,0,0,0,0,0,0,0,0,0,0,0,0,0,0,0,0,0,0,0,0,0,0,0,0,0,0,0,0,0,0,0,'111110025907','Dena Bank','NOT ALLOTED','','AAMPZ1431G','C-4 CHANDRALOK','','9300-34800','8000-13500'),(14,12170401,44,'ASHISH C. ZALA','Pharmacology','Tutor','2017-04-01','2017-03-31','Pay Bill','',0,0,0,0,0,0,0,0,0,0,0,0,0,0,0,0,0,0,0,0,0,0,0,0,0,0,0,0,0,0,0,0,0,'111110025907','Dena Bank','NOT ALLOTED','','AAMPZ1431G','C-4 CHANDRALOK','','9300-34800','8000-13500'),(15,12170301,44,'ASTHA JAIN','Anatomy','Tutor','2017-03-01','2017-03-31','Pay Bill','',61500,0,0,0,5210,0,0,240,5210,300,100,1600,0,0,0,0,0,0,0,2000,0,200,0,0,0,0,0,0,0,0,0,0,0,'111110035290','Dena Bank','NOT ALLOTED','','ANTPJ2541B','','','9300-34800','8000-13500'),(15,12170401,44,'ASTHA JAIN','Anatomy','Tutor','2017-04-01','2017-03-31','Pay Bill','',61500,0,0,0,5210,0,0,240,5210,300,100,1600,0,0,0,0,0,0,0,2000,0,200,0,0,0,0,0,0,0,0,0,0,0,'111110035290','Dena Bank','NOT ALLOTED','','ANTPJ2541B','','','15440 + 5400','9300-34800'),(16,12170301,4,'B. DIVAKAR','Pharmacology','Assistant Professor','2017-03-01','2017-03-31','Pay Bill','',20170,7000,0,0,6793,0,42454,240,0,300,100,0,0,0,0,0,0,0,0,5000,0,200,120,280,0,0,0,0,0,0,0,0,0,'111110005458','Dena Bank','','','AQXPM7226K','','','15600-39100','10000-15200'),(16,12170401,4,'B. DIVAKAR','Pharmacology','Assistant Professor','2017-04-01','2017-03-31','Pay Bill','',20170,7000,0,0,6793,0,42454,240,0,300,100,0,0,0,0,0,0,0,0,5000,0,200,120,280,0,0,0,0,0,0,0,0,0,'111110005458','Dena Bank','','','AQXPM7226K','','','15600-39100','10000-15200'),(17,12170301,4,'B.M. JHA','Microbiology','Associate Professor','2017-03-01','2017-03-31','Pay Bill','',59000,9000,0,0,17000,0,106250,240,17000,300,100,1600,0,0,0,0,0,0,5190,38000,0,200,120,280,0,0,0,0,0,0,0,0,0,'111110001993','Dena Bank','MED/GUJ/26424','','ABSPJ6967C','','','37400-67000','12000-16500'),(17,12170401,4,'B.M. JHA','Microbiology','Associate Professor','2017-04-01','2017-03-31','Pay Bill','',59000,9000,0,0,17000,0,106250,240,17000,300,100,1600,0,0,0,0,0,0,5190,38000,0,200,120,280,0,0,0,0,0,0,0,0,0,'111110001993','Dena Bank','MED/GUJ/26424','','ABSPJ6967C','','','37400-67000','12000-16500'),(18,12170301,9,'B.V. UKANI','Radiology','Associate Professor','2017-03-01','2017-03-31','Pay Bill','',44820,9000,0,0,13455,0,84094,240,13455,300,100,1600,0,0,0,0,0,0,0,31000,0,200,120,280,12110,0,0,0,0,0,0,0,0,'111110005268','Dena Bank','2009140746600006','','AHZPP3935D','','','15600-39100','12000-16500'),(18,12170401,9,'B.V. UKANI','Radiology','Associate Professor','2017-04-01','2017-03-31','Pay Bill','',44820,9000,0,0,13455,0,84094,240,13455,300,100,1600,0,0,0,0,0,0,0,31000,0,200,120,280,0,0,12110,0,0,0,0,0,0,'111110005268','Dena Bank','2009140746600006','','AHZPP3935D','','','15600-39100','12000-16500'),(19,12170301,9,'BHADRESH PRAJAPATI','Anatomy','Assistant Professor','2017-03-01','2017-03-31','Pay Bill','',22700,7000,0,0,7425,0,46406,240,7425,300,100,1600,0,0,0,0,0,0,0,6000,0,200,120,280,6683,0,0,0,0,0,0,0,0,'111110023950','Dena Bank','2015140746600029','','AWGPP6773M','','','15600-39100','10000-15200'),(19,12170401,9,'BHADRESH PRAJAPATI','Anatomy','Assistant Professor','2017-04-01','2017-03-31','Pay Bill','',22700,7000,0,0,7425,0,46406,240,7425,300,100,1600,0,0,0,0,0,0,0,6000,0,200,120,280,0,0,6683,0,0,0,0,0,0,'111110023950','Dena Bank','2015140746600029','','AWGPP6773M','','','15600-39100','10000-15200'),(20,12170301,4,'BHARATI V. UMARVANSHI','Anatomy','Associate Professor','2017-03-01','2017-03-31','Pay Bill','',51600,9000,0,0,15150,0,94688,240,0,300,100,0,0,0,0,0,0,0,0,42000,600,200,120,280,50000,0,0,0,0,0,0,0,0,'111110002377','Dena Bank','MED/GUJ/26613','','AAGPU5459H','A-17, PROF.QURT','','37400-67000','12000-16500'),(20,12170401,4,'BHARATI V. UMARVANSHI','Anatomy','Associate Professor','2017-04-01','2017-03-31','Pay Bill','',51600,9000,0,0,15150,0,94688,240,0,300,100,0,0,0,0,0,0,0,0,42000,600,200,120,280,50000,0,0,0,0,0,0,0,0,'111110002377','Dena Bank','MED/GUJ/26613','','AAGPU5459H','A-17, PROF.QURT','','37400-67000','12000-16500'),(21,12170301,4,'BHAVNA GAMIT','Pathology','Associate Professor','2017-03-01','2017-03-31','Pay Bill','',48110,9000,0,0,14278,0,89235,240,14278,300,100,1600,0,0,0,0,0,0,0,32000,0,200,120,280,20000,0,0,0,0,0,0,0,0,'111110002834','Dena Bank','MED/GUJ/26657','','ADKPG9144L','','','37400-67000','12000-16500'),(21,12170401,4,'BHAVNA GAMIT','Pathology','Associate Professor','2017-04-01','2017-03-31','Pay Bill','',48110,9000,0,0,14278,0,89235,240,14278,300,100,1600,0,0,0,0,0,0,0,32000,0,200,120,280,20000,0,0,0,0,0,0,0,0,'111110002834','Dena Bank','MED/GUJ/26657','','ADKPG9144L','','','37400-67000','12000-16500'),(22,12170301,4,'BINA B. VAIDYA','General surgery','Associate Professor','2017-03-01','2017-03-31','Pay Bill','',56890,9000,0,0,16473,0,102954,240,0,300,100,0,0,0,0,0,0,0,0,37000,600,200,120,280,9000,0,0,0,0,0,0,0,0,'111110001983','Dena Bank','MED/GUJ/36762','','ABXPV0356Q','E-3,ASSO.PROF.Q','','37400-67000','12000-16500'),(22,12170401,4,'BINA B. VAIDYA','General surgery','Associate Professor','2017-04-01','2017-03-31','Pay Bill','',56890,9000,0,0,16473,0,102954,240,0,300,100,0,0,0,0,0,0,0,0,37000,600,200,120,280,9000,0,0,0,0,0,0,0,0,'111110001983','Dena Bank','MED/GUJ/36762','','ABXPV0356Q','E-3,ASSO.PROF.Q','','37400-67000','12000-16500'),(23,12170301,44,'BRIJAL S. PATEL','Pharmacology','Tutor','2017-03-01','2017-03-31','Pay Bill','',61500,0,0,0,5210,0,0,240,5210,300,100,1600,0,0,0,0,0,0,0,1500,0,200,120,280,0,0,0,0,0,0,0,0,0,'0','Dena Bank','NOT ALLOTED','','AYMPP6804F','','','9300-34800','8000-13500'),(23,12170401,44,'BRIJAL S. PATEL','Pharmacology','Tutor','2017-04-01','2017-03-31','Pay Bill','',61500,0,0,0,5210,0,0,240,5210,300,100,1600,0,0,0,0,0,0,0,1500,0,200,120,280,0,0,0,0,0,0,0,0,0,'0','Dena Bank','NOT ALLOTED','','AYMPP6804F','','','15440 + 5400','9300-34800'),(24,12170301,4,'BRIJESH V. PARMAR','Skin and VD','Associate Professor','2017-03-01','2017-03-31','Pay Bill','',37400,9000,0,0,11600,0,72500,240,11600,0,100,1600,0,0,0,0,0,0,0,30000,0,200,120,280,0,0,0,0,0,0,0,0,0,'111110023761','Dena Bank','NOT ALLOTED','','AHZPP8094M','','','37400-67000','12000-16500'),(24,12170401,4,'BRIJESH V. PARMAR','Skin and VD','Associate Professor','2017-04-01','2017-03-31','Pay Bill','',37400,9000,0,0,11600,0,72500,240,11600,0,100,1600,0,0,0,0,0,0,0,30000,0,200,120,280,0,0,0,0,0,0,0,0,0,'111110023761','Dena Bank','NOT ALLOTED','','AHZPP8094M','','','37400-67000','12000-16500'),(25,12170301,9,'CHANDRESH I TAILOR','Forensic Medicine','Associate Professor','2017-03-01','2017-03-31','Pay Bill','',38800,9000,0,0,11950,0,74688,240,11950,300,100,1600,0,0,0,0,0,0,0,22000,0,200,120,280,10755,0,0,0,0,0,0,0,0,'111110003154','Dena Bank','2010140746600028','','AFAPT3547C','','','37400-67000','12000-16500'),(25,12170401,9,'CHANDRESH I TAILOR','Forensic Medicine','Associate Professor','2017-04-01','2017-03-31','Pay Bill','',38800,9000,0,0,11950,0,74688,240,11950,300,100,1600,0,0,0,0,0,0,0,22000,0,200,120,280,0,0,10755,0,0,0,0,0,0,'111110003154','Dena Bank','2010140746600028','','AFAPT3547C','','','37400-67000','12000-16500'),(26,12170301,4,'CHETAN ACHARYA','Pharmacology','Associate Professor','2017-03-01','2017-03-31','Pay Bill','',53420,9000,0,0,15605,0,97531,240,15605,300,100,1600,0,0,0,0,0,0,0,40000,0,200,120,280,75000,0,0,0,0,0,0,0,0,'111110002900','Dena Bank','MED/GUJ/26627','','ABQPA9441A','','','37400-67000','12000-16500'),(26,12170401,4,'CHETAN ACHARYA','Pharmacology','Associate Professor','2017-04-01','2017-03-31','Pay Bill','',53420,9000,0,0,15605,0,97531,240,15605,300,100,1600,0,0,0,0,0,0,0,40000,0,200,120,280,75000,0,0,0,0,0,0,0,0,'111110002900','Dena Bank','MED/GUJ/26627','','ABQPA9441A','','','37400-67000','12000-16500'),(27,12170301,11,'CHETNA R. PATEL','Pharmacology','Associate Professor','2017-03-01','2017-03-31','Pay Bill','',44820,9000,0,0,13455,0,84094,240,13455,300,100,1600,0,0,0,0,0,0,0,32000,0,200,120,280,30000,0,0,0,0,0,0,0,0,'111110005316','Dena Bank','MED/GUJ/37929','','AMGPP2262H','','','37400-67000','12000-16500'),(27,12170401,11,'CHETNA R. PATEL','Pharmacology','Associate Professor','2017-04-01','2017-03-31','Pay Bill','',44820,9000,0,0,13455,0,84094,240,13455,300,100,1600,0,0,0,0,0,0,0,25000,0,200,120,280,30000,0,0,0,0,0,0,0,0,'111110005316','Dena Bank','MED/GUJ/37929','','AMGPP2262H','','','37400-67000','12000-16500'),(28,12170301,44,'CHINTAN GAMIT','Community Medicine','Tutor','2017-03-01','2017-03-31','Pay Bill','',61500,0,0,0,5210,0,0,240,0,300,100,0,0,0,0,0,0,0,0,3800,300,200,0,0,0,0,0,0,0,0,0,0,0,'111110025411','Dena Bank','NOT ALLOTED','','AKZPG1184E','C-9 SHRIRAM BL.','','9300-34800','8000-13500'),(28,12170401,44,'CHINTAN GAMIT','Community Medicine','Tutor','2017-04-01','2017-03-31','Pay Bill','',61500,0,0,0,5210,0,0,240,0,300,100,0,0,0,0,0,0,0,0,3800,300,200,0,0,0,0,0,0,0,0,0,0,0,'111110025411','Dena Bank','NOT ALLOTED','','AKZPG1184E','C-9 SHRIRAM BL.','','15440 + 5400','9300-34800'),(29,12170301,9,'CHINTAN R. BHATT','Anatomy','Assistant Professor','2017-03-01','2017-03-31','Pay Bill','',22700,7000,0,0,7425,0,46406,240,7425,300,100,1600,0,0,0,0,0,0,0,6100,0,200,120,280,6683,0,0,0,0,0,0,0,0,'111110023758','Dena Bank','2009140746600013','','ALYPB2886L','','','15600-39100','10000-15200'),(29,12170401,9,'CHINTAN R. BHATT','Anatomy','Assistant Professor','2017-04-01','2017-03-31','Pay Bill','',22700,7000,0,0,7425,0,46406,240,7425,300,100,1600,0,0,0,0,0,0,0,6100,0,200,120,280,0,0,6683,0,0,0,0,0,0,'111110023758','Dena Bank','2009140746600013','','ALYPB2886L','','','15600-39100','10000-15200'),(30,12170301,11,'D. D. UMRIGAR','Skin and VD','Professor','2017-03-01','2017-03-31','Pay Bill','',58000,10000,0,0,17000,0,106250,240,17000,300,100,1600,0,0,0,0,0,0,8420,45000,0,200,120,280,15000,0,0,0,0,0,0,0,0,'111110003765','Dena Bank','MED/GUJ/26496','','AADPU1437E','','','37400-67000','16400-22400'),(30,12170401,11,'D. D. UMRIGAR','Skin and VD','Professor','2017-04-01','2017-03-31','Pay Bill','',58000,10000,0,0,17000,0,106250,240,17000,300,100,1600,0,0,0,0,0,0,8420,45000,0,200,120,280,15000,0,0,0,0,0,0,0,0,'111110003765','Dena Bank','MED/GUJ/26496','','AADPU1437E','','','37400-67000','16400-22400'),(31,12170301,11,'D. S. PATIL','Anatomy','Associate Professor','2017-03-01','2017-03-31','Pay Bill','',44820,9000,0,0,13455,0,84094,240,0,300,100,0,0,0,0,0,0,0,0,25000,0,200,120,280,9000,0,0,0,0,0,0,0,0,'111110005383','Dena Bank','MED/GUJ/37511','','AJFPP5376G','','','37400-67000','12000-16500'),(31,12170401,11,'D. S. PATIL','Anatomy','Associate Professor','2017-04-01','2017-03-31','Pay Bill','',44820,9000,0,0,13455,0,84094,240,0,300,100,0,0,0,0,0,0,0,0,25000,0,200,120,280,9000,0,0,0,0,0,0,0,0,'111110005383','Dena Bank','MED/GUJ/37511','','AJFPP5376G','','','37400-67000','12000-16500'),(32,12170301,4,'D.M. PARMAR','Physiology','Professor','2017-03-01','2017-03-31','Pay Bill','',56440,10000,0,0,16610,0,103813,240,0,300,100,0,0,0,0,0,500,0,0,35000,0,200,120,280,15000,0,0,0,0,0,0,0,0,'111110002284','Dena Bank','MED/GUJ/26656','','ACKPP5771H','E-2,BANGLOW','','37400-67000','16400-22400'),(32,12170401,4,'D.M. PARMAR','Physiology','Professor','2017-04-01','2017-03-31','Pay Bill','',56440,10000,0,0,16610,0,103813,240,0,300,100,0,0,0,0,0,500,0,0,35000,0,200,120,280,15000,0,0,0,0,0,0,0,0,'111110002284','Dena Bank','MED/GUJ/26656','','ACKPP5771H','E-2,BANGLOW','','37400-67000','16400-22400'),(33,12170301,9,'DAXA L. CHAVDA','Radiology','Assistant Professor','2017-03-01','2017-03-31','Pay Bill','',26450,7000,0,0,8363,0,52266,240,8363,300,100,1600,0,0,0,0,0,0,0,12000,0,200,120,280,7526,0,0,0,0,0,0,0,0,'111110026240','Dena Bank','2015140746600018','','AIFPC5690K','','','15600-39100','10000-15200'),(33,12170401,9,'DAXA L. CHAVDA','Radiology','Assistant Professor','2017-04-01','2017-03-31','Pay Bill','',26450,7000,0,0,8363,0,52266,240,8363,300,100,1600,0,0,0,0,0,0,0,12000,0,200,120,280,0,0,7526,0,0,0,0,0,0,'111110026240','Dena Bank','2015140746600018','','AIFPC5690K','','','15600-39100','10000-15200'),(34,12170301,44,'DEEPSHIKHA DAVE','Pathology','Tutor','2017-03-01','2017-03-31','Pay Bill','',63300,0,0,0,5368,0,0,240,5368,300,100,1600,0,0,0,0,0,0,0,2400,0,200,0,0,0,0,0,0,0,0,0,0,0,'111110027336','Dena Bank','NOT ALLOTED','','BPZPD1664L','','','9300-34800','8000-13500'),(34,12170401,44,'DEEPSHIKHA DAVE','Pathology','Tutor','2017-04-01','2017-03-31','Pay Bill','',63300,0,0,0,5368,0,0,240,5368,300,100,1600,0,0,0,0,0,0,0,2400,0,200,0,0,0,0,0,0,0,0,0,0,0,'111110027336','Dena Bank','NOT ALLOTED','','BPZPD1664L','','','16070 + 5400','9300-34800'),(35,12170301,12,'DEVANG M. DESAI','Cardiology','Associate Professor','2017-03-01','2017-03-31','Pay Bill','',5000,0,0,0,0,0,0,0,0,0,0,0,0,0,0,0,0,0,0,0,0,0,0,0,0,0,0,0,0,0,0,0,0,'111110004218','Dena Bank','NOT ALLOTED','','','','','fix 5000','12000-18300'),(35,12170401,12,'DEVANG M. DESAI','Cardiology','Associate Professor','2017-04-01','2017-03-31','Pay Bill','',5000,0,0,0,0,0,0,0,0,0,0,0,0,0,0,0,0,0,0,0,0,0,0,0,0,0,0,0,0,0,0,0,0,'111110004218','Dena Bank','NOT ALLOTED','','','','','fix 5000','12000-18300'),(36,12170301,9,'DEVENDRA R. CHAUDHARI','General surgery','Assistant Professor','2017-03-01','2017-03-31','Pay Bill','',21830,7000,0,0,7208,0,45048,240,7208,300,100,1600,0,0,0,0,0,0,0,8000,0,200,120,280,6487,0,0,0,0,0,0,0,0,'111110026448','Dena Bank','2014140746600014','','ANXPC0497R','','','15600-39100','10000-15200'),(36,12170401,9,'DEVENDRA R. CHAUDHARI','General surgery','Assistant Professor','2017-04-01','2017-03-31','Pay Bill','',21830,7000,0,0,7208,0,45048,240,7208,300,100,1600,0,0,0,0,0,0,0,8000,0,200,120,280,0,0,6487,0,0,0,0,0,0,'111110026448','Dena Bank','2014140746600014','','ANXPC0497R','','','15600-39100','10000-15200'),(37,12170301,9,'DHWANI DESAI','Obstetrics and Gynecology','Associate Professor','2017-03-01','2017-03-31','Pay Bill','',38800,9000,0,0,11950,0,74688,240,11950,300,100,1600,0,0,0,0,0,0,0,25000,0,200,120,280,10755,0,0,0,0,0,0,0,0,'111110004448','Dena Bank','2011140746600011','','AIZPD3970F','','','37400-67000','12000-16500'),(37,12170401,9,'DHWANI DESAI','Obstetrics and Gynecology','Associate Professor','2017-04-01','2017-03-31','Pay Bill','',38800,9000,0,0,11950,0,74688,240,11950,300,100,1600,0,0,0,0,0,0,0,25000,0,200,120,280,0,0,10755,0,0,0,0,0,0,'111110004448','Dena Bank','2011140746600011','','AIZPD3970F','','','37400-67000','12000-16500'),(38,12170301,4,'DIPTI THAKUR','Physiology','Tutor','2017-03-01','2017-03-31','Pay Bill','',19520,5400,0,0,6230,0,38938,240,6230,300,100,1600,0,0,0,0,0,0,0,5000,0,200,0,0,0,0,0,0,0,0,0,0,0,'111110035210','Dena Bank','NOT ALLOTED','','AEBPT3553J','','','9300-34800','8000-13500'),(38,12170401,4,'DIPTI THAKUR','Physiology','Tutor','2017-04-01','2017-03-31','Pay Bill','',19520,5400,0,0,6230,0,38938,240,6230,300,100,1600,0,0,0,0,0,0,0,5000,0,200,0,0,0,0,0,0,0,0,0,0,0,'111110035210','Dena Bank','NOT ALLOTED','','AEBPT3553J','','','9300-34800','8000-13500'),(39,12170301,11,'EKTA PATEL','Obstetrics and Gynecology(MCHO)','Assistant Professor','2017-03-01','2017-03-31','Pay Bill','',20170,7000,0,0,6793,0,42454,240,6793,300,100,1600,0,0,0,0,0,0,0,7200,0,200,0,0,0,0,0,0,0,0,0,0,0,'111110029836','Dena Bank','NOT ALLOTED','','BCCPP2545L','','','15600-39100','10000-15200'),(39,12170401,11,'EKTA PATEL','Obstetrics and Gynecology(MCHO)','Assistant Professor','2017-04-01','2017-03-31','Pay Bill','',20170,7000,0,0,6793,0,42454,240,6793,300,100,1600,0,0,0,0,0,0,0,7200,0,200,0,0,0,0,0,0,0,0,0,0,0,'111110029836','Dena Bank','NOT ALLOTED','','BCCPP2545L','','','15600-39100','10000-15200'),(40,12170301,4,'GANESH GOVEKAR','Forensic Medicine','Professor','2017-03-01','2017-03-31','Pay Bill','',58000,10000,0,0,17000,0,106250,240,0,300,100,0,0,0,0,0,0,0,6550,42000,0,200,120,280,9000,0,0,0,0,0,0,0,0,'111110023976','Dena Bank','MED/GUJ/35072','','AEQPG6786D','E-2/11,BUNGLOW','','37400-67000','16400-22400'),(40,12170401,4,'GANESH GOVEKAR','Forensic Medicine','Professor','2017-04-01','2017-03-31','Pay Bill','',58000,10000,0,0,17000,0,106250,240,0,300,100,0,0,0,0,0,0,0,6550,42000,0,200,120,280,9000,0,0,0,0,0,0,0,0,'111110023976','Dena Bank','MED/GUJ/35072','','AEQPG6786D','E-2/11,BUNGLOW','','37400-67000','16400-22400'),(41,12170301,11,'GEETA VAGHELA','Microbiology','Associate Professor','2017-03-01','2017-03-31','Pay Bill','',44820,9000,0,0,13455,0,84094,240,13455,300,100,1600,0,0,0,0,0,0,0,25500,0,200,120,280,10000,0,0,0,0,0,0,0,0,'111110002366','Dena Bank','MED/GUJ/26635','','AAZPV4833D','','','37400-67000','12000-16500'),(41,12170401,11,'GEETA VAGHELA','Microbiology','Associate Professor','2017-04-01','2017-03-31','Pay Bill','',44820,9000,0,0,13455,0,84094,240,13455,300,100,1600,0,0,0,0,0,0,0,25500,0,200,120,280,10000,0,0,0,0,0,0,0,0,'111110002366','Dena Bank','MED/GUJ/26635','','AAZPV4833D','','','37400-67000','12000-16500'),(42,12170301,11,'GUNVANT VAISHNAV','Obstetrics and Gynacology','Associate Professor','2017-03-01','2017-03-31','Pay Bill','',48060,9000,0,0,14265,0,89156,240,14265,300,100,1600,0,0,0,0,0,0,0,30000,0,200,120,280,10000,0,0,0,0,0,0,0,0,'','Dena Bank','PH/GUJ/36333','','ACDPV9300P','','','37400-67000','12000-16500'),(42,12170401,11,'GUNVANT VAISHNAV','Obstetrics and Gynacology','Associate Professor','2017-04-01','2017-03-31','Pay Bill','',48060,9000,0,0,14265,0,89156,240,14265,300,100,1600,0,0,0,0,0,0,0,30000,0,200,120,280,10000,0,0,0,0,0,0,0,0,'','Dena Bank','PH/GUJ/36333','','ACDPV9300P','','','37400-67000','12000-16500'),(43,12170301,9,'HARDIK ASTIK','General surgery','Assistant Professor','2017-03-01','2017-03-31','Pay Bill','',26450,7000,0,0,8363,0,52266,240,0,300,100,0,0,0,0,0,0,0,0,10000,400,200,120,280,7526,0,0,0,0,0,0,0,0,'111110024107','Dena Bank','2009140746600001','','AHPPA7817B','B-9,A.P.QUART','','15600-39100','10000-15200'),(43,12170401,9,'HARDIK ASTIK','General surgery','Assistant Professor','2017-04-01','2017-03-31','Pay Bill','',26450,7000,0,0,8363,0,52266,240,0,300,100,0,0,0,0,0,0,0,0,10000,400,200,120,280,0,0,7526,0,0,0,0,0,0,'111110024107','Dena Bank','2009140746600001','','AHPPA7817B','B-9,A.P.QUART','','15600-39100','10000-15200'),(44,12170301,4,'HARI J. MENON','Orthopedics','Professor','2017-03-01','2017-03-31','Pay Bill','',44850,10000,0,0,13713,0,85704,240,0,300,100,0,0,0,0,0,0,0,0,23000,600,200,120,280,0,0,0,0,0,0,0,0,0,'111110025108','Dena Bank','NOT ALLOTED','','AHKPM1071A','E-20,ASSO.PROF.','','37400-67000','16400-22400'),(44,12170401,4,'HARI J. MENON','Orthopedics','Professor','2017-04-01','2017-03-31','Pay Bill','',44850,10000,0,0,13713,0,85704,240,0,300,100,0,0,0,0,0,0,0,0,23000,600,200,120,280,0,0,0,0,0,0,0,0,0,'111110025108','Dena Bank','NOT ALLOTED','','AHKPM1071A','E-20,ASSO.PROF.','','37400-67000','16400-22400'),(45,12170301,4,'HARSHAD M. PATEL','Community Medicine','Associate Professor','2017-03-01','2017-03-31','Pay Bill','',46440,9000,0,0,13860,0,86625,240,13860,300,100,1600,0,0,0,0,0,0,0,28000,0,200,120,280,7000,0,0,0,0,0,0,0,0,'111110002403','Dena Bank','MED/GUJ/40421','','AKTPP7082N','PROFQU.BHAVNAGA','','37400-67000','12000-16500'),(45,12170401,4,'HARSHAD M. PATEL','Community Medicine','Associate Professor','2017-04-01','2017-03-31','Pay Bill','',46440,9000,0,0,13860,0,86625,240,13860,300,100,1600,0,0,0,0,0,0,0,28000,0,200,120,280,7000,0,0,0,0,0,0,0,0,'111110002403','Dena Bank','MED/GUJ/40421','','AKTPP7082N','PROFQU.BHAVNAGA','','37400-67000','12000-16500'),(46,12170301,4,'HETAL THAKAR','Physiology','Assistant Professor','2017-03-01','2017-03-31','Pay Bill','',31220,7000,0,0,9555,0,59719,240,9555,300,100,1600,0,0,0,0,0,0,0,15000,0,200,120,280,40000,0,0,0,0,0,0,0,0,'111110002952','Dena Bank','MED/GUJ/37915','','ABAPT4444Q','','','15600-39100','10000-15200'),(46,12170401,4,'HETAL THAKAR','Physiology','Assistant Professor','2017-04-01','2017-03-31','Pay Bill','',31220,7000,0,0,9555,0,59719,240,9555,300,100,1600,0,0,0,0,0,0,0,15000,0,200,120,280,40000,0,0,0,0,0,0,0,0,'111110002952','Dena Bank','MED/GUJ/37915','','ABAPT4444Q','','','15600-39100','10000-15200'),(47,12170301,44,'HINA G. CHAUDHARI','Physiology','Tutor','2017-03-01','2017-03-31','Pay Bill','',59700,0,0,0,5058,0,0,240,5058,300,100,1600,0,0,0,0,0,0,0,3500,300,200,0,0,0,0,0,0,0,0,0,0,0,'111110032044','Dena Bank','NOT ALLOTED','','ANNPC3618C','C4 CHANRALOK BL','','9300-34800','8000-13500'),(47,12170401,44,'HINA G. CHAUDHARI','Physiology','Tutor','2017-04-01','2017-03-31','Pay Bill','',59700,0,0,0,5058,0,0,240,0,300,100,0,0,0,0,0,0,0,0,3500,300,200,0,0,0,0,0,0,0,0,0,0,0,'111110032044','Dena Bank','NOT ALLOTED','','ANNPC3618C','C4 CHANRALOK BL','','14830 + 5400','9300-34800'),(48,12170301,44,'HITESH BHABHOR','Community Medicine','Tutor','2017-03-01','2017-03-31','Pay Bill','',59700,0,0,0,5058,0,0,240,5058,300,100,1600,0,0,0,0,0,0,0,4300,0,200,0,0,0,0,0,0,0,0,0,0,0,'111110031854','Dena Bank','NOT ALLOTED','','ANSPB5279R','','','9300-34800','8000-13500'),(48,12170401,44,'HITESH BHABHOR','Community Medicine','Tutor','2017-04-01','2017-03-31','Pay Bill','',59700,0,0,0,5058,0,0,240,5058,300,100,1600,0,0,0,0,0,0,0,4300,0,200,0,0,0,0,0,0,0,0,0,0,0,'111110031854','Dena Bank','NOT ALLOTED','','ANSPB5279R','','','14830 + 5400','9300-34800'),(49,12170301,44,'HITESHREE PATEL','Community Medicine','Tutor','2017-03-01','2017-03-31','Pay Bill','',65200,0,0,0,5530,0,0,240,5530,300,100,1600,0,0,0,0,0,0,0,6000,0,200,120,280,0,0,0,0,0,0,0,0,0,'111110025114','Dena Bank','STOP PAYMENT','','BKZPP3296F','','','9300-34800','8000-13500'),(49,12170401,44,'HITESHREE PATEL','Community Medicine','Tutor','2017-04-01','2017-03-31','Pay Bill','',65200,0,0,0,5530,0,0,240,5530,300,100,1600,0,0,0,0,0,0,0,6000,0,200,120,280,0,0,0,0,0,0,0,0,0,'111110025114','Dena Bank','STOP PAYMENT','','BKZPP3296F','','','16720+5400','9300-34800'),(50,12170301,11,'ILA B. UPADHYA','ENT','Associate Professor','2017-03-01','2017-03-31','Pay Bill','',53420,9000,0,0,15605,0,97531,240,15605,300,100,1600,0,0,0,0,0,0,0,40000,0,200,120,280,30000,0,0,0,0,0,0,0,0,'111110003246','Dena Bank','MED/GUJ/36871','','ACYPA9672Q','','','37400-67000','12000-16500'),(50,12170401,11,'ILA B. UPADHYA','ENT','Associate Professor','2017-04-01','2017-03-31','Pay Bill','',53420,9000,0,0,15605,0,97531,240,15605,300,100,1600,0,0,0,0,0,0,0,40000,0,200,120,280,30000,0,0,0,0,0,0,0,0,'111110003246','Dena Bank','MED/GUJ/36871','','ACYPA9672Q','','','37400-67000','12000-16500'),(51,12170301,2,'ISHA K. PATEL','Opthalmology','Assistant Professor','2017-03-01','2017-03-31','Pay Bill','',19370,7000,0,0,6593,0,41204,240,6593,300,100,1600,0,0,0,0,0,0,0,8000,0,200,0,0,0,0,0,0,0,0,0,0,0,'111110025668','Dena Bank','NOT ALLOTED','','BNDPP8005R','','','15600-39100','10000-15200'),(51,12170401,2,'ISHA K. PATEL','Opthalmology','Assistant Professor','2017-04-01','2017-03-31','Pay Bill','',19370,7000,0,0,6593,0,41204,240,6593,300,100,1600,0,0,0,0,0,0,0,8000,0,200,0,0,0,0,0,0,0,0,0,0,0,'111110025668','Dena Bank','NOT ALLOTED','','BNDPP8005R','','','15600-39100','10000-15200'),(52,12170301,1,'J. M. BRAHMBHATT','Burns and Plastic Surgery','Dean','2017-03-01','2017-03-31','Pay Bill','',58000,10000,0,0,17000,0,106250,240,0,0,100,0,0,0,0,0,3000,0,440,37000,0,200,120,280,15000,0,0,0,0,0,0,0,0,'111110002877','Dena Bank','MED/GUJ/36722','','ACFPB0234J','','','37400-67000','18400-22400'),(52,12170401,1,'J. M. BRAHMBHATT','Burns and Plastic Surgery','Dean','2017-04-01','2017-04-30','Pay Bill','April - 2017',58000,10000,0,0,17000,0,106250,240,0,0,100,0,0,0,0,0,3000,0,440,37000,0,200,120,280,15000,0,0,0,0,0,0,0,0,'111110002877','Dena Bank','MED/GUJ/36722','','ACFPB0234J','','','37400-67000','18400-22400'),(53,12170301,4,'J.K. KOSAMBIYA','Community Medicine','Associate Professor','2017-03-01','2017-03-31','Pay Bill','',57210,9000,0,0,16553,0,103454,240,0,300,100,0,0,0,0,0,0,0,0,40000,600,200,120,280,15000,0,0,0,0,0,0,0,0,'111110001248','Dena Bank','MED/GUJ/23914','','ACWPK2481R','A-4, PROF.QURT','','37400-67000','12000-16500'),(53,12170401,4,'J.K. KOSAMBIYA','Community Medicine','Associate Professor','2017-04-01','2017-03-31','Pay Bill','',57210,9000,0,0,16553,0,103454,240,0,300,100,0,0,0,0,0,0,0,0,40000,600,200,120,280,15000,0,0,0,0,0,0,0,0,'111110001248','Dena Bank','MED/GUJ/23914','','ACWPK2481R','A-4, PROF.QURT','','37400-67000','12000-16500'),(54,12170301,11,'JAGRUTI K. ANAVADIA','Obstetrics and Gynacology(NTMO)','Assistant Professor','2017-03-01','2017-03-31','Pay Bill','',20990,7000,0,0,6998,0,43735,240,6998,300,100,1600,0,0,0,0,0,0,0,8000,0,200,0,0,0,0,0,0,0,0,0,0,0,'111110027632','Dena Bank','NOT ALLOTED','','ANCPA5429N','','','15600-39100','10000-15200'),(54,12170401,11,'JAGRUTI K. ANAVADIA','Obstetrics and Gynacology(NTMO)','Assistant Professor','2017-04-01','2017-03-31','Pay Bill','',20990,7000,0,0,6998,0,43735,240,6998,300,100,1600,0,0,0,0,0,0,0,8000,0,200,0,0,0,0,0,0,0,0,0,0,0,'111110027632','Dena Bank','NOT ALLOTED','','ANCPA5429N','','','15600-39100','10000-15200'),(55,12170301,44,'JATIN CHHAYA','Community Medicine','Tutor','2017-03-01','2017-03-31','Pay Bill','',59700,0,0,0,5058,0,0,240,5058,300,100,1600,0,0,0,0,0,0,0,4300,0,200,0,0,0,0,0,0,0,0,0,0,0,'111110031928','Dena Bank','NOT ALLOTED','','ATQPC4004M','','','9300-34800','8000-13500'),(55,12170401,44,'JATIN CHHAYA','Community Medicine','Tutor','2017-04-01','2017-03-31','Pay Bill','',59700,0,0,0,5058,0,0,240,5058,300,100,1600,0,0,0,0,0,0,0,4300,0,200,0,0,0,0,0,0,0,0,0,0,0,'111110031928','Dena Bank','NOT ALLOTED','','ATQPC4004M','','','14830 + 5400','9300-34800'),(56,12170301,44,'JAYANT R. PATEL','Community Medicine','Tutor','2017-03-01','2017-03-31','Pay Bill','',71300,0,0,0,6048,0,0,240,6048,300,100,1600,0,0,0,0,0,0,0,8300,0,200,0,0,0,0,0,0,0,0,0,0,0,'111110024309','Dena Bank','NOT ALLOTED','','BBUPP6595D','C/12 SHRIRAM BL','','9300-34800','8000-13500'),(56,12170401,44,'JAYANT R. PATEL','Community Medicine','Tutor','2017-04-01','2017-03-31','Pay Bill','',71300,0,0,0,6048,0,0,240,6048,300,100,1600,0,0,0,0,0,0,0,8300,0,200,0,0,0,0,0,0,0,0,0,0,0,'111110024309','Dena Bank','NOT ALLOTED','','BBUPP6595D','C/12 SHRIRAM BL','','18790 + 5400','9300-34800'),(57,12170301,11,'JAYESH C. VASAVA','Anesthesiology','Professor','2017-03-01','2017-03-31','Pay Bill','',48140,10000,0,0,14535,0,90844,240,14535,300,100,1600,0,0,0,0,0,0,0,34000,0,200,120,280,9000,0,0,0,0,0,0,0,0,'','Dena Bank','MED/GUJ/31216','','AAUPV7731M','','','37400-67000','16400-22400'),(57,12170401,11,'JAYESH C. VASAVA','Anesthesiology','Professor','2017-04-01','2017-03-31','Pay Bill','',48140,10000,0,0,14535,0,90844,240,14535,300,100,1600,0,0,0,0,0,0,0,34000,0,200,120,280,9000,0,0,0,0,0,0,0,0,'','Dena Bank','MED/GUJ/31216','','AAUPV7731M','','','37400-67000','16400-22400'),(58,12170301,4,'JAYMIN CONTRACTOR','ENT','Professor','2017-03-01','2017-03-31','Pay Bill','',58000,10000,0,0,17000,0,106250,240,17000,300,100,1600,0,0,0,0,500,0,4730,46000,0,200,120,280,10000,0,0,0,0,0,0,0,0,'111110004017','Dena Bank','MED/GUJ/37997','','AAZPC7924L','','','37400-67000','16400-22400'),(58,12170401,4,'JAYMIN CONTRACTOR','ENT','Professor','2017-04-01','2017-03-31','Pay Bill','',58000,10000,0,0,17000,0,106250,240,17000,300,100,1600,0,0,0,0,500,0,4730,46000,0,200,120,280,10000,0,0,0,0,0,0,0,0,'111110004017','Dena Bank','MED/GUJ/37997','','AAZPC7924L','','','37400-67000','16400-22400'),(59,12170301,11,'JAYSHREE PATEL','Pharmacology','Assistant Professor','2017-03-01','2017-03-31','Pay Bill','',20990,7000,0,0,6998,0,43735,240,0,300,100,0,0,0,0,0,0,0,0,8000,400,200,0,0,0,0,0,0,0,0,0,0,0,'111110029200','Dena Bank','NOT ALLOTED','','BKLPP7180E','B-15,A.P.QURT.','','15600-39100','10000-15200'),(59,12170401,11,'JAYSHREE PATEL','Pharmacology','Assistant Professor','2017-04-01','2017-03-31','Pay Bill','',20990,7000,0,0,6998,0,43735,240,0,300,100,0,0,0,0,0,0,0,0,8000,400,200,0,0,0,0,0,0,0,0,0,0,0,'111110029200','Dena Bank','NOT ALLOTED','','BKLPP7180E','B-15,A.P.QURT.','','15600-39100','10000-15200'),(60,12170301,9,'JAYSHREE K. PATEL','Anatomy','Assistant Professor','2017-03-01','2017-03-31','Pay Bill','',20990,7000,0,0,6998,0,43735,240,6998,300,100,1600,0,0,0,0,0,0,0,5000,0,200,120,280,6298,0,0,0,0,0,0,0,0,'111110006257','Dena Bank','2010140746600032','','ANXPP1670R','','','15600-39100','10000-15200'),(60,12170401,9,'JAYSHREE K. PATEL','Anatomy','Assistant Professor','2017-04-01','2017-03-31','Pay Bill','',20990,7000,0,0,6998,0,43735,240,6998,300,100,1600,0,0,0,0,0,0,0,5000,0,200,120,280,0,0,6298,0,0,0,0,0,0,'111110006257','Dena Bank','2010140746600032','','ANXPP1670R','','','15600-39100','10000-15200'),(61,12170301,11,'JIGISHA PATADIA','Paediatrics','Associate Professor','2017-03-01','2017-03-31','Pay Bill','',48110,9000,0,0,14278,0,89235,240,14278,300,100,1600,0,0,0,0,0,0,0,30000,0,200,120,280,20000,0,0,0,0,0,0,0,0,'111110004744','Dena Bank','MED/GUJ/40573','','AGVPP1123C','','','37400-67000','12000-16500'),(61,12170401,0,'JIGISHA PATADIA','Paediatrics','Associate Professor','2017-04-01','2017-03-31','Pay Bill','',48110,9000,0,0,14278,0,89235,240,14278,300,100,1600,0,0,0,0,0,0,0,30000,0,200,120,280,20000,0,0,0,0,0,0,0,0,'111110004744','Dena Bank','MED/GUJ/40573','','AGVPP1123C','','','37400-67000','12000-16500'),(62,12170301,4,'JIGNESH PATEL','General surgery','Assistant Professor','2017-03-01','2017-03-31','Pay Bill','',22700,7000,0,0,7425,0,46406,240,7425,300,100,1600,0,0,0,0,0,0,0,4000,0,200,120,280,0,0,0,0,0,0,0,0,0,'111110026088','Dena Bank','NOT ALLOTED','','BCQPP5365J','','','15600-39100','10000-15200'),(62,12170401,4,'JIGNESH PATEL','General surgery','Assistant Professor','2017-04-01','2017-03-31','Pay Bill','',22700,7000,0,0,7425,0,46406,240,7425,300,100,1600,0,0,0,0,0,0,0,4000,0,200,120,280,0,0,0,0,0,0,0,0,0,'111110026088','Dena Bank','NOT ALLOTED','','BCQPP5365J','','','15600-39100','10000-15200'),(63,12170301,9,'JIGNESH B. SHAH','General surgery','Associate Professor','2017-03-01','2017-03-31','Pay Bill','',48110,9000,0,0,14278,0,89235,240,14278,300,100,1600,0,0,0,0,0,0,0,29000,0,200,120,280,12850,0,0,0,0,0,0,0,0,'111110004196','Dena Bank','2010140746600034','','ASMPS2900B','E-10 PROF. QUAR','','37400-67000','12000-16500'),(63,12170401,9,'JIGNESH B. SHAH','General surgery','Associate Professor','2017-04-01','2017-03-31','Pay Bill','',48110,9000,0,0,14278,0,89235,240,14278,300,100,1600,0,0,0,0,0,0,0,29000,0,200,120,280,0,0,12850,0,0,0,0,0,0,'111110004196','Dena Bank','2010140746600034','','ASMPS2900B','E-10 PROF. QUAR','','37400-67000','12000-16500'),(64,12170301,11,'JIGNESH B. PATEL','Forensic Medicine','Assistant Professor','2017-03-01','2017-03-31','Pay Bill','',20170,7000,0,0,6793,0,42454,240,0,300,100,0,0,0,0,0,0,0,0,6800,400,200,120,280,0,0,0,0,0,0,0,0,0,'111110029196','Dena Bank','NOT ALLOTED','','AXTPP3330J','B-18,A.P.QURT.','','15600-39100','10000-15200'),(64,12170401,11,'JIGNESH B. PATEL','Forensic Medicine','Assistant Professor','2017-04-01','2017-03-31','Pay Bill','',20170,7000,0,0,6793,0,42454,240,0,300,100,0,0,0,0,0,0,0,0,6800,400,200,120,280,0,0,0,0,0,0,0,0,0,'111110029196','Dena Bank','NOT ALLOTED','','AXTPP3330J','B-18,A.P.QURT.','','15600-39100','10000-15200'),(65,12170301,12,'JIGNESH J. PATEL','Orthopedics','Assistant Professor','2017-03-01','2017-03-31','Pay Bill','',17000,0,0,0,0,0,0,0,0,0,0,0,0,0,0,0,0,0,0,0,0,200,0,0,0,0,0,0,0,0,0,0,0,'111110002130','Dena Bank','NOT ALLOTED','','AGKPP9222D','','','fix 17000','10000-15200'),(65,12170401,12,'JIGNESH J. PATEL','Orthopedics','Assistant Professor','2017-04-01','2017-03-31','Pay Bill','',17000,0,0,0,0,0,0,0,0,0,0,0,0,0,0,0,0,0,0,0,0,200,0,0,0,0,0,0,0,0,0,0,0,'111110002130','Dena Bank','NOT ALLOTED','','AGKPP9222D','','','fix 17000','10000-15200'),(66,12170301,9,'JITENDRA N. PATEL','IHBT','Assistant Professor','2017-03-01','2017-03-31','Pay Bill','',18600,7000,0,0,6400,0,40000,240,6400,300,100,1600,0,0,0,0,0,0,0,7000,0,200,120,280,5760,0,0,0,0,0,0,0,0,'111110004417','Dena Bank','2015140746600038','','ATWPP9005D','','','15600-39100','10000-15200'),(66,12170401,9,'JITENDRA N. PATEL','IHBT','Assistant Professor','2017-04-01','2017-03-31','Pay Bill','',18600,7000,0,0,6400,0,40000,240,6400,300,100,1600,0,0,0,0,0,0,0,7000,0,200,120,280,0,0,5760,0,0,0,0,0,0,'111110004417','Dena Bank','2015140746600038','','ATWPP9005D','','','15600-39100','10000-15200'),(67,12170301,44,'KALPAN R. DESAI','Physiology','Tutor','2017-03-01','2017-03-31','Pay Bill','',53100,0,0,0,4910,0,0,240,4910,0,100,1600,0,0,0,0,0,0,0,3000,0,200,120,280,0,0,0,0,0,0,0,0,0,'111110034477','Dena Bank','NOT ALLOTED','','CMIPD7607L','','','9300-34800','8000-13500'),(67,12170401,44,'KALPAN R. DESAI','Physiology','Tutor','2017-04-01','2017-03-31','Pay Bill','',53100,0,0,0,4910,0,0,240,4910,0,100,1600,0,0,0,0,0,0,0,3000,0,200,120,280,0,0,0,0,0,0,0,0,0,'111110034477','Dena Bank','NOT ALLOTED','','CMIPD7607L','','','14240 + 5400','9300-34800'),(68,12170301,4,'KAMLESH DAVE','Psychiatry','Associate Professor','2017-03-01','2017-03-31','Pay Bill','',51600,9000,0,0,15150,0,94688,240,0,300,100,0,0,0,0,0,0,0,0,27500,0,200,120,280,10000,0,0,0,0,0,0,0,0,'111110003195','Dena Bank','MED/GUJ/40181','','AEDPD6249K','','','37400-67000','12000-16500'),(68,12170401,4,'KAMLESH DAVE','Psychiatry','Associate Professor','2017-04-01','2017-03-31','Pay Bill','',51600,9000,0,0,15150,0,94688,240,0,300,100,0,0,0,0,0,0,0,0,27500,0,200,120,280,10000,0,0,0,0,0,0,0,0,'111110003195','Dena Bank','MED/GUJ/40181','','AEDPD6249K','','','37400-67000','12000-16500'),(69,12170301,99,'KANCHAN V. KSHIRSAGAR','Radiology','Tutor','2017-03-01','2017-03-31','Pay Bill','',0,0,0,0,0,0,0,0,0,0,0,0,0,0,0,0,0,0,0,0,0,0,0,0,0,0,0,0,0,0,0,0,0,'111110025430','Dena Bank','2015140746600044','','AZMPK3845N','D-1/4 AP QUART','','9300-34800','8000-13500'),(69,12170401,99,'KANCHAN V. KSHIRSAGAR','Radiology','Tutor','2017-04-01','2017-03-31','Pay Bill','',0,0,0,0,0,0,0,0,0,0,0,0,0,0,0,0,0,0,0,0,0,0,0,0,0,0,0,0,0,0,0,0,0,'111110025430','Dena Bank','2015140746600044','','AZMPK3845N','D-1/4 AP QUART','','9300-34800','8000-13500'),(70,12170301,11,'KEDAR A. TRIVEDI','Obstetrics and Gynacology(NTMO)','Assistant Professor','2017-03-01','2017-03-31','Pay Bill','',19370,7000,0,0,6593,0,41204,240,6593,300,100,1600,0,0,0,0,0,0,0,6600,0,200,0,0,0,0,0,0,0,0,0,0,0,'111110027625','Dena Bank','NOT ALLOTED','','ANGPT9540F','','','15600-39100','10000-15200'),(70,12170401,11,'KEDAR A. TRIVEDI','Obstetrics and Gynacology(NTMO)','Assistant Professor','2017-04-01','2017-03-31','Pay Bill','',19370,7000,0,0,6593,0,41204,240,6593,300,100,1600,0,0,0,0,0,0,0,6600,0,200,0,0,0,0,0,0,0,0,0,0,0,'111110027625','Dena Bank','NOT ALLOTED','','ANGPT9540F','','','15600-39100','10000-15200'),(71,12170301,99,'KETAN B. CHAUHAN','Anatomy','Tutor','2017-03-01','2017-03-31','Pay Bill','',69200,0,0,0,5870,0,0,240,5870,300,100,1600,0,0,0,0,0,0,0,4100,0,200,120,280,6920,0,0,0,0,0,0,0,0,'111110004915','Dena Bank','2016140746600016','','AGVPC5904E','','','9600-34800','8000-13500'),(71,12170401,99,'KETAN B. CHAUHAN','Anatomy','Tutor','2017-04-01','2017-03-31','Pay Bill','',69200,0,0,0,5870,0,0,240,5870,300,100,1600,0,0,0,0,0,0,0,4100,0,200,120,280,0,0,6920,0,0,0,0,0,0,'111110004915','Dena Bank','2016140746600016','','AGVPC5904E','','','18080 + 5400','9300-34800'),(72,12170301,44,'KHUSHBU C. PATEL','Physiology','Tutor','2017-03-01','2017-03-31','Pay Bill','',61500,0,0,0,5210,0,0,240,5210,300,100,1600,0,0,0,0,0,0,0,4000,300,200,0,0,0,0,0,0,0,0,0,0,0,'','Dena Bank','','','BUTPP3620B','C21 PANCHSHEEL','','9300-34800',''),(72,12170401,44,'KHUSHBU C. PATEL','Physiology','Tutor','2017-04-01','2017-03-31','Pay Bill','',61500,0,0,0,5210,0,0,240,0,300,100,0,0,0,0,0,0,0,0,4000,300,200,0,0,0,0,0,0,0,0,0,0,0,'','Dena Bank','','','BUTPP3620B','C21 PANCHSHEEL','','15440 + 5400','9300-34800'),(73,12170301,4,'KHYATI D. SHAMALIYA','Respiratory Medicine','Assistant Professor','2017-03-01','2017-03-31','Pay Bill','',20990,7000,0,0,6998,0,43735,240,6998,300,100,1600,0,0,0,0,0,0,0,8500,0,200,0,0,0,0,0,0,0,0,0,0,0,'111110005792','Dena Bank','STOP PAYMENT','','CIHPS5831G','','','15600-39100','10000-15200'),(73,12170401,4,'KHYATI D. SHAMALIYA','Respiratory Medicine','Assistant Professor','2017-04-01','2017-03-31','Pay Bill','',20990,7000,0,0,6998,0,43735,240,6998,300,100,1600,0,0,0,0,0,0,0,8500,0,200,0,0,0,0,0,0,0,0,0,0,0,'111110005792','Dena Bank','STOP PAYMENT','','CIHPS5831G','','','15600-39100','10000-15200'),(74,12170301,9,'KOMAL S. PATEL','Pathology','Assistant Professor','2017-03-01','2017-03-31','Pay Bill','',25470,7000,0,0,8118,0,50735,240,8118,300,100,1600,0,0,0,0,0,0,0,11000,0,200,120,280,7306,0,0,0,0,0,0,0,0,'111110004559','Dena Bank','2009140746600008','','AOQPP0883G','','','15600-39100','10000-15200'),(74,12170401,9,'KOMAL S. PATEL','Pathology','Assistant Professor','2017-04-01','2017-03-31','Pay Bill','',25470,7000,0,0,8118,0,50735,240,8118,300,100,1600,0,0,0,0,0,0,0,11000,0,200,120,280,0,0,7306,0,0,0,0,0,0,'111110004559','Dena Bank','2009140746600008','','AOQPP0883G','','','15600-39100','10000-15200'),(75,12170301,44,'KRUPALI D. PATEL','Anesthesiology','Tutor','2017-03-01','2017-03-31','Pay Bill','',53100,0,0,0,4910,0,0,240,4910,0,100,1600,0,0,0,0,0,0,0,3000,0,200,120,280,0,0,0,0,0,0,0,0,0,'3710013043','Dena Bank','NOT ALLOTED','','BYLPP7657J','','','9300-34800','8000-13500'),(75,12170401,44,'KRUPALI D. PATEL','Anesthesiology','Tutor','2017-04-01','2017-03-31','Pay Bill','',53100,0,0,0,4910,0,0,240,4910,0,100,1600,0,0,0,0,0,0,0,3000,0,200,120,280,0,0,0,0,0,0,0,0,0,'3710013043','Dena Bank','NOT ALLOTED','','BYLPP7657J','','','14240 + 5400','9300-34800'),(76,12170301,9,'KUNJAN PATEL','Opthalmology','Associate Professor','2017-03-01','2017-03-31','Pay Bill','',46440,9000,0,0,13860,0,86625,240,13860,300,100,1600,0,0,0,0,0,0,0,35000,0,200,120,280,12474,0,0,0,0,0,0,0,0,'111110004537','Dena Bank','2011140746600012','','AIRPP5201D','','','37400-67000','12000-16500'),(76,12170401,9,'KUNJAN PATEL','Opthalmology','Associate Professor','2017-04-01','2017-03-31','Pay Bill','',46440,9000,0,0,13860,0,86625,240,13860,300,100,1600,0,0,0,0,0,0,0,35000,0,200,120,280,0,0,12474,0,0,0,0,0,0,'111110004537','Dena Bank','2011140746600012','','AIRPP5201D','','','37400-67000','12000-16500'),(77,12170301,4,'LATIKA N. PUROHITH','Microbiology','Assistant Professor','2017-03-01','2017-03-31','Pay Bill','',29820,7000,0,0,9205,0,57531,240,9205,300,100,1600,0,0,0,0,0,0,0,11000,0,200,120,280,6000,0,0,0,0,0,0,0,0,'111110003353','Dena Bank','MED/GUJ/26699','','ANPPS3092Q','','','15600-39100','10000-15200'),(77,12170401,4,'LATIKA N. PUROHITH','Microbiology','Assistant Professor','2017-04-01','2017-03-31','Pay Bill','',29820,7000,0,0,9205,0,57531,240,9205,300,100,1600,0,0,0,0,0,0,0,11000,0,200,120,280,6000,0,0,0,0,0,0,0,0,'111110003353','Dena Bank','MED/GUJ/26699','','ANPPS3092Q','','','15600-39100','10000-15200'),(78,12170301,11,'M. H. MOMIN','Community Medicine','Assistant Professor','2017-03-01','2017-03-31','Pay Bill','',26450,7000,0,0,8363,0,52266,240,8363,300,100,1600,0,0,0,0,0,0,0,12000,0,200,120,280,5500,0,0,0,0,0,0,0,0,'111110002746','Dena Bank','MED/GUJ/40529','','ALFPM2323J','','','15600-39100','10000-15200'),(78,12170401,11,'M. H. MOMIN','Community Medicine','Assistant Professor','2017-04-01','2017-03-31','Pay Bill','',26450,7000,0,0,8363,0,52266,240,8363,300,100,1600,0,0,0,0,0,0,0,12000,0,200,120,280,5500,0,0,0,0,0,0,0,0,'111110002746','Dena Bank','MED/GUJ/40529','','ALFPM2323J','','','15600-39100','10000-15200'),(79,12170301,4,'M. K. VADEL','Radiology','Professor','2017-03-01','2017-03-31','Pay Bill','',58000,10000,0,0,17000,0,106250,240,17000,300,100,0,0,0,0,0,0,450,9000,47000,0,200,120,280,35000,0,0,0,0,0,0,0,0,'111110001909','Dena Bank','MED/GUJ/22841','','AAQPV7748G','','','37400-67000','16400-22400'),(79,12170401,4,'M. K. VADEL','Radiology','Professor','2017-04-01','2017-03-31','Pay Bill','',58000,10000,0,0,17000,0,106250,240,17000,300,100,0,0,0,0,0,0,450,9000,47000,0,200,120,280,35000,0,0,0,0,0,0,0,0,'111110001909','Dena Bank','MED/GUJ/22841','','AAQPV7748G','','','37400-67000','16400-22400'),(80,12170301,9,'MAMTA RANI VERMA','Community Medicine','Assistant Professor','2017-03-01','2017-03-31','Pay Bill','',25470,7000,0,0,8118,0,50735,240,0,300,100,0,0,0,0,0,0,0,0,6000,400,200,120,280,7306,0,0,0,0,0,0,0,0,'111110002903','Dena Bank','2010140746600038','','AGUPR0955K','B-13,A.P.QURTS','','15600-39100','10000-15200'),(80,12170401,9,'MAMTA RANI VERMA','Community Medicine','Assistant Professor','2017-04-01','2017-03-31','Pay Bill','',25470,7000,0,0,8118,0,50735,240,0,300,100,0,0,0,0,0,0,0,0,6000,400,200,120,280,0,0,7306,0,0,0,0,0,0,'111110002903','Dena Bank','2010140746600038','','AGUPR0955K','B-13,A.P.QURTS','','15600-39100','10000-15200'),(81,12170301,4,'MANDAKINI PATEL','Pathology','Associate Professor','2017-03-01','2017-03-31','Pay Bill','',58880,9000,0,0,16970,0,106063,240,16970,300,100,1600,0,0,0,0,0,0,0,43800,0,200,120,280,50000,0,0,0,0,0,0,0,0,'111110001925','Dena Bank','MED/GUJ/23847','','ABYPP3766F','','','37400-67000','12000-16500'),(81,12170401,4,'MANDAKINI PATEL','Pathology','Associate Professor','2017-04-01','2017-03-31','Pay Bill','',58880,9000,0,0,16970,0,106063,240,16970,300,100,1600,0,0,0,0,0,0,0,43800,0,200,120,280,50000,0,0,0,0,0,0,0,0,'111110001925','Dena Bank','MED/GUJ/23847','','ABYPP3766F','','','37400-67000','12000-16500'),(82,12170301,11,'MANISH CHAUDHARI','General surgery','Assistant Professor','2017-03-01','2017-03-31','Pay Bill','',22700,7000,0,0,7425,0,46406,240,0,300,100,0,0,0,0,0,0,0,0,7500,600,200,0,0,0,0,0,0,0,0,0,0,0,'111110025669','Dena Bank','NOT ALLOTED','','ALLPC7510P','B-1,A.P.QURT.','','15600-39100','10000-15200'),(82,12170401,11,'MANISH CHAUDHARI','General surgery','Assistant Professor','2017-04-01','2017-03-31','Pay Bill','',22700,7000,0,0,7425,0,46406,240,0,300,100,0,0,0,0,0,0,0,0,7500,600,200,0,0,0,0,0,0,0,0,0,0,0,'111110025669','Dena Bank','NOT ALLOTED','','ALLPC7510P','B-1,A.P.QURT.','','15600-39100','10000-15200'),(83,12170301,11,'MANISH M. PATEL','Orthopedics','Assistant Professor','2017-03-01','2017-03-31','Pay Bill','',24520,7000,0,0,7880,0,49250,240,7880,300,100,1600,0,0,0,0,0,0,0,10000,0,200,120,280,0,0,0,0,0,0,0,0,0,'111110004909','Dena Bank','NOT ALLOTED','','AVMPP5901A','','','15600-39100','10000-15200'),(83,12170401,11,'MANISH M. PATEL','Orthopedics','Assistant Professor','2017-04-01','2017-03-31','Pay Bill','',24520,7000,0,0,7880,0,49250,240,7880,300,100,1600,0,0,0,0,0,0,0,10000,0,200,120,280,0,0,0,0,0,0,0,0,0,'111110004909','Dena Bank','NOT ALLOTED','','AVMPP5901A','','','15600-39100','10000-15200'),(84,12170301,44,'MANOJ HALPATI','Pharmacology','Tutor','2017-03-01','2017-03-31','Pay Bill','',71300,0,0,0,6048,0,0,240,0,300,100,0,0,0,0,0,0,0,0,4200,300,200,0,0,0,0,0,0,0,0,0,0,0,'111110024959','Dena Bank','NOT ALLOTED','','ADLPH1840D','C/11 SHRIRAM BL','','9300-34800','8000-13500'),(84,12170401,44,'MANOJ HALPATI','Pharmacology','Tutor','2017-04-01','2017-03-31','Pay Bill','',71300,0,0,0,6048,0,0,240,0,300,100,0,0,0,0,0,0,0,0,4200,300,200,0,0,0,0,0,0,0,0,0,0,0,'111110024959','Dena Bank','NOT ALLOTED','','ADLPH1840D','C/11 SHRIRAM BL','','18790 5400','9300-34800'),(85,12170301,9,'MAYUR A. JARAG','IHBT','Associate Professor','2017-03-01','2017-03-31','Pay Bill','',43250,9000,0,0,13063,0,81641,240,13063,300,100,1600,0,0,0,0,0,0,0,30000,0,200,120,280,11756,0,0,0,0,0,0,0,0,'111110004760','Dena Bank','2010140746600050','','AFMPJ2053H','','','37400-67000','12000-16500'),(85,12170401,9,'MAYUR A. JARAG','IHBT','Associate Professor','2017-04-01','2017-03-31','Pay Bill','',43250,9000,0,0,13063,0,81641,240,13063,300,100,1600,0,0,0,0,0,0,0,25000,0,200,120,280,0,0,11756,0,0,0,0,0,0,'111110004760','Dena Bank','2010140746600050','','AFMPJ2053H','','','37400-67000','12000-16500'),(86,12170301,9,'MAYUR A. CHAUDHARI','Pharmacology','Assistant Professor','2017-03-01','2017-03-31','Pay Bill','',23600,7000,0,0,7650,0,47813,240,0,300,100,0,0,0,0,0,0,0,0,10000,600,200,120,280,6885,0,0,0,0,0,0,0,0,'111110024444','Dena Bank','2010140746600036','','AJGPC8595D','A-1, PROF. QRT','','15600-39100','10000-15200'),(86,12170401,9,'MAYUR A. CHAUDHARI','Pharmacology','Assistant Professor','2017-04-01','2017-03-31','Pay Bill','',23600,7000,0,0,7650,0,47813,240,0,300,100,0,0,0,0,0,0,0,0,10000,600,200,120,280,0,0,6885,0,0,0,0,0,0,'111110024444','Dena Bank','2010140746600036','','AJGPC8595D','A-1, PROF. QRT','','15600-39100','10000-15200'),(87,12170301,11,'MEHUL MODI','Neurosurgery','Associate Professor','2017-03-01','2017-03-31','Pay Bill','',37400,9000,0,0,11600,0,72500,240,11600,300,100,1600,0,0,0,0,0,0,0,25000,0,200,0,0,0,0,0,0,0,0,0,0,0,'111110029755','Dena Bank','NOT ALLOTED','','AUBPM6646B','','','37400-67000','12000-16500'),(87,12170401,11,'MEHUL MODI','Neurosurgery','Associate Professor','2017-04-01','2017-03-31','Pay Bill','',37400,9000,0,0,11600,0,72500,240,11600,300,100,1600,0,0,0,0,0,0,0,25000,0,200,0,0,0,0,0,0,0,0,0,0,0,'111110029755','Dena Bank','NOT ALLOTED','','AUBPM6646B','','','37400-67000','12000-16500'),(87,12170477,11,'MEHUL MODI','Neurosurgery','Associate Professor','2016-10-25','2016-12-05','Arrears Bill','supplimenty pay bill',47322,10903,0,0,14556,0,90979,279,14556,348,116,0,0,0,0,0,0,0,0,25000,0,200,0,0,0,0,0,0,0,0,0,0,0,'111110029755','Dena Bank','NOT ALLOTED','','AUBPM6646B','','2210','37400-67000','12000-16500'),(88,12170301,11,'MINAKSHI S. MODI','Anatomy','Associate Professor','2017-03-01','2017-03-31','Pay Bill','',51600,9000,0,0,15150,0,94688,240,15150,300,100,1600,0,0,0,0,0,0,0,38000,0,200,120,280,50000,0,0,0,0,0,0,0,0,'111110003318','Dena Bank','MED/GUJ/36153','','ABLPB2900N','','','37400-67000','12000-16500'),(88,12170401,11,'MINAKSHI S. MODI','Anatomy','Associate Professor','2017-04-01','2017-03-31','Pay Bill','',51600,9000,0,0,15150,0,94688,240,15150,300,100,1600,0,0,0,0,0,0,0,38000,0,200,120,280,50000,0,0,0,0,0,0,0,0,'111110003318','Dena Bank','MED/GUJ/36153','','ABLPB2900N','','','37400-67000','12000-16500'),(89,12170301,11,'MOH.ANAS M. PATNI','Community Medicine','Assistant Professor','2017-03-01','2017-03-31','Pay Bill','',20990,7000,0,0,6998,0,43735,240,6998,300,100,1600,0,0,0,0,0,0,0,8000,0,200,120,280,0,0,0,0,0,0,0,0,0,'111110005803','Dena Bank','NOT ALLOTED','','BGTPP3001J','','','15600-39100','10000-15200'),(89,12170401,11,'MOH.ANAS M. PATNI','Community Medicine','Assistant Professor','2017-04-01','2017-03-31','Pay Bill','',20990,7000,0,0,6998,0,43735,240,6998,300,100,1600,0,0,0,0,0,0,0,8000,0,200,120,280,0,0,0,0,0,0,0,0,0,'111110005803','Dena Bank','NOT ALLOTED','','BGTPP3001J','','','15600-39100','10000-15200'),(90,12170301,11,'MOHUA MOITRA','Community Medicine','Associate Professor','2017-03-01','2017-03-31','Pay Bill','',53420,9000,0,0,15605,0,97531,240,0,300,100,0,0,0,0,0,0,0,0,34000,600,200,120,280,10000,0,0,0,0,0,0,0,0,'111110002542','Dena Bank','MED/GUJ/40352','','ACHPM0849A','A-11,PROF.QURT.','','37400-67000','12000-16500'),(90,12170401,11,'MOHUA MOITRA','Community Medicine','Associate Professor','2017-04-01','2017-03-31','Pay Bill','',53420,9000,0,0,15605,0,97531,240,0,300,100,0,0,0,0,0,0,0,0,34000,600,200,120,280,10000,0,0,0,0,0,0,0,0,'111110002542','Dena Bank','MED/GUJ/40352','','ACHPM0849A','A-11,PROF.QURT.','','37400-67000','12000-16500'),(91,12170301,99,'MUBIN I. PATEL','Pathology','Tutor','2017-03-01','2017-03-31','Pay Bill','',69200,0,0,0,5870,0,0,240,5870,300,100,1600,0,0,0,0,0,0,0,2400,0,200,120,280,6920,0,0,0,0,0,0,0,0,'111110002239','Dena Bank','2015140746600049','','APAPP9575Q','','','9300-34800','8000-13500'),(91,12170401,99,'MUBIN I. PATEL','Pathology','Tutor','2017-04-01','2017-03-31','Pay Bill','',69200,0,0,0,5870,0,0,240,5870,300,100,1600,0,0,0,0,0,0,0,2400,0,200,120,280,0,0,6920,0,0,0,0,0,0,'111110002239','Dena Bank','2015140746600049','','APAPP9575Q','','','18080 + 5400','9300-34800'),(92,12170301,9,'MUKESH PANCHOLI','General surgery','Associate Professor','2017-03-01','2017-03-31','Pay Bill','',46440,9000,0,0,13860,0,86625,240,13860,300,100,1600,0,0,0,0,0,0,0,30000,0,200,120,280,12474,0,0,0,0,0,0,0,0,'111110024097','Dena Bank','2009140746600002','','AMUPP1637Q','A-14 PROF QUART','','37400-67000','12000-16500'),(92,12170401,9,'MUKESH PANCHOLI','General surgery','Associate Professor','2017-04-01','2017-03-31','Pay Bill','',46440,9000,0,0,13860,0,86625,240,13860,300,100,1600,0,0,0,0,0,0,0,30000,0,200,120,280,0,0,12474,0,0,0,0,0,0,'111110024097','Dena Bank','2009140746600002','','AMUPP1637Q','A-14 PROF QUART','','37400-67000','12000-16500'),(93,12170301,9,'NARESH T. CHAUHAN','Community Medicine','Assistant Professor','2017-03-01','2017-03-31','Pay Bill','',23600,7000,0,0,7650,0,47813,240,7650,300,100,1600,0,0,0,0,0,0,0,7000,0,200,120,280,6885,0,0,0,0,0,0,0,0,'111110026649','Dena Bank','2015140746600050','','AGVPC0533H','','','15600-39100','10000-15200'),(93,12170401,9,'NARESH T. CHAUHAN','Community Medicine','Assistant Professor','2017-04-01','2017-03-31','Pay Bill','',23600,7000,0,0,7650,0,47813,240,7650,300,100,1600,0,0,0,0,0,0,0,7000,0,200,120,280,0,0,6885,0,0,0,0,0,0,'111110026649','Dena Bank','2015140746600050','','AGVPC0533H','','','15600-39100','10000-15200'),(94,12170301,4,'NEELAM N. PARMAR','Anesthesiology','Assistant Professor','2017-03-01','2017-03-31','Pay Bill','',22700,7000,0,0,7425,0,46406,240,7425,300,100,1600,0,0,0,0,0,0,0,10000,0,200,120,280,0,0,0,0,0,0,0,0,0,'111110004581','Dena Bank','STOP   PAYMENT','','AQUPP2584L','','','15600-39100','10000-15200'),(94,12170401,4,'NEELAM N. PARMAR','Anesthesiology','Assistant Professor','2017-04-01','2017-03-31','Pay Bill','',22700,7000,0,0,7425,0,46406,240,7425,300,100,1600,0,0,0,0,0,0,0,10000,0,200,120,280,0,0,0,0,0,0,0,0,0,'111110004581','Dena Bank','STOP   PAYMENT','','AQUPP2584L','','','15600-39100','10000-15200'),(95,12170301,9,'NEETA BACHLAUS','Physiology','Associate Professor','2017-03-01','2017-03-31','Pay Bill','',53420,9000,0,0,15605,0,97531,240,15605,300,100,1600,0,0,0,0,0,0,0,40000,0,200,120,280,14045,0,0,0,0,0,0,0,0,'111110002837','Dena Bank','2010140746600029','','AEFPB8583A','','','37400-67000','12000-18300'),(95,12170401,9,'NEETA BACHLAUS','Physiology','Associate Professor','2017-04-01','2017-03-31','Pay Bill','',53420,9000,0,0,15605,0,97531,240,15605,300,100,1600,0,0,0,0,0,0,0,40000,0,200,120,280,0,0,14045,0,0,0,0,0,0,'111110002837','Dena Bank','2010140746600029','','AEFPB8583A','','','37400-67000','12000-18300'),(96,12170301,11,'NEETA KHANDELWAL','Neurology','Professor','2017-03-01','2017-03-31','Pay Bill','',57320,10000,0,0,16830,0,105188,240,16830,300,100,1600,0,0,0,0,0,0,0,46000,0,200,120,280,35000,0,0,0,0,0,0,0,0,'111110035200','Dena Bank','MED/GUJ/23695','','ABQPK1587P','','','37400-67000','16400-22400'),(96,12170401,11,'NEETA KHANDELWAL','Neurology','Professor','2017-04-01','2017-03-31','Pay Bill','',57320,10000,0,0,16830,0,105188,240,16830,300,100,1600,0,0,0,0,0,0,0,46000,0,200,120,280,50000,0,0,0,0,0,0,0,0,'111110035200','Dena Bank','MED/GUJ/23695','','ABQPK1587P','','','37400-67000','16400-22400'),(97,12170301,99,'NEHA D. PATEL','Pharmacology','Tutor','2017-03-01','2017-03-31','Pay Bill','',69200,0,0,0,5870,0,0,240,5870,0,100,1600,0,0,0,0,0,0,0,3700,0,200,120,280,6920,0,0,0,0,0,0,0,0,'','Dena Bank','2014140746800023','','BBZPP8892C','','','9300-34800','8000-13500'),(97,12170401,99,'NEHA D. PATEL','Pharmacology','Tutor','2017-04-01','2017-03-31','Pay Bill','',69200,0,0,0,5870,0,0,240,5870,0,100,1600,0,0,0,0,0,0,0,3700,0,200,120,280,0,0,6920,0,0,0,0,0,0,'','Dena Bank','2014140746800023','','BBZPP8892C','','','18080 + 5400','9300-34800'),(98,12170301,4,'NIDHI D. PATEL','Anesthesiology','Assistant Professor','2017-03-01','2017-03-31','Pay Bill','',21830,7000,0,0,7208,0,45048,240,7208,300,100,1600,0,0,0,0,0,0,0,10000,0,200,0,0,0,0,0,0,0,0,0,0,0,'111110005996','Dena Bank','NOT ALLOTED','','AJUPP2892A','B/5 A.P.QURT.','','15600-39100','10000-15200'),(98,12170401,4,'NIDHI D. PATEL','Anesthesiology','Assistant Professor','2017-04-01','2017-03-31','Pay Bill','',21830,7000,0,0,7208,0,45048,240,7208,300,100,1600,0,0,0,0,0,0,0,10000,0,200,0,0,0,0,0,0,0,0,0,0,0,'111110005996','Dena Bank','NOT ALLOTED','','AJUPP2892A','B/5 A.P.QURT.','','15600-39100','10000-15200'),(99,12170301,11,'NILAM PRAJAPATI','Obstetrics and Gynecology','Assistant Professor','2017-03-01','2017-03-31','Pay Bill','',23600,7000,0,0,7650,0,47813,240,0,300,100,0,0,0,0,0,0,0,0,8000,600,200,120,280,0,0,0,0,0,0,0,0,0,'111110025158','Dena Bank','NOT ALLOTED','','AZQPP5267R','E-7 PROF QUART.','','15600-39100','10000-15200'),(99,12170401,11,'NILAM PRAJAPATI','Obstetrics and Gynecology','Assistant Professor','2017-04-01','2017-03-31','Pay Bill','',23600,7000,0,0,7650,0,47813,240,0,300,100,0,0,0,0,0,0,0,0,8000,600,200,120,280,0,0,0,0,0,0,0,0,0,'111110025158','Dena Bank','NOT ALLOTED','','AZQPP5267R','E-7 PROF QUART.','','15600-39100','10000-15200'),(100,12170301,4,'NIMESH VERMA','General surgery','Associate Professor','2017-03-01','2017-03-31','Pay Bill','',57250,9000,0,0,16563,0,103516,240,0,300,100,0,0,0,0,0,0,0,0,40000,1040,200,120,280,15000,0,0,0,0,0,0,0,0,'111110029623','Dena Bank','MED/GUJ/36764','','AAQPV0390Q','E2/12, PROF. BU','','37400-67000','12000-16500'),(100,12170401,4,'NIMESH VERMA','General surgery','Associate Professor','2017-04-01','2017-03-31','Pay Bill','',57250,9000,0,0,16563,0,103516,240,0,300,100,0,0,0,0,0,0,0,0,40000,1040,200,120,280,15000,0,0,0,0,0,0,0,0,'111110029623','Dena Bank','MED/GUJ/36764','','AAQPV0390Q','E2/12, PROF. BU','','37400-67000','12000-16500'),(101,12170301,11,'NISHA BAROT','Burns and Plastic Surgery','Associate Professor','2017-03-01','2017-03-31','Pay Bill','',41720,9000,0,0,12680,0,79250,240,12680,300,100,1600,0,0,0,0,0,0,0,28500,0,200,0,0,0,0,0,0,0,0,0,0,0,'111110024549','Dena Bank','NOT ALLOTED','','ALXPB2321F','','','37400-67000','12000-16500'),(101,12170401,11,'NISHA BAROT','Burns and Plastic Surgery','Associate Professor','2017-04-01','2017-03-31','Pay Bill','',41720,9000,0,0,12680,0,79250,240,12680,300,100,1600,0,0,0,0,0,0,0,28500,0,200,0,0,0,0,0,0,0,0,0,0,0,'111110024549','Dena Bank','NOT ALLOTED','','ALXPB2321F','','','37400-67000','12000-16500'),(102,12170301,11,'NITIN CHAUDHARI','Orthopedics','Assistant Professor','2017-03-01','2017-03-31','Pay Bill','',23600,7000,0,0,7650,0,47813,240,7650,300,100,1600,0,0,0,0,0,0,0,10000,0,200,120,280,0,0,0,0,0,0,0,0,0,'111110025605','Dena Bank','NOT ALLOTED','','AKCPC9416C','','','15600-39100','10000-15200'),(102,12170401,11,'NITIN CHAUDHARI','Orthopedics','Assistant Professor','2017-04-01','2017-03-31','Pay Bill','',23600,7000,0,0,7650,0,47813,240,7650,300,100,1600,0,0,0,0,0,0,0,10000,0,200,120,280,0,0,0,0,0,0,0,0,0,'111110025605','Dena Bank','NOT ALLOTED','','AKCPC9416C','','','15600-39100','10000-15200'),(103,12170301,44,'NRUPAL C. PATEL','Pharmacology','Tutor','2017-03-01','2017-03-31','Pay Bill','',0,0,0,0,0,0,0,0,0,0,0,0,0,0,0,0,0,0,0,0,0,0,0,0,0,0,0,0,0,0,0,0,0,'111110032391','Dena Bank','STOP PAYMENT','','BQBPP1352C','D-1/6,A.P.QURT','','9300-34800','8000-13500'),(103,12170401,44,'NRUPAL C. PATEL','Pharmacology','Tutor','2017-04-01','2017-03-31','Pay Bill','',0,0,0,0,0,0,0,0,0,0,0,0,0,0,0,0,0,0,0,0,0,0,0,0,0,0,0,0,0,0,0,0,0,'111110032391','Dena Bank','STOP PAYMENT','','BQBPP1352C','D-1/6,A.P.QURT','','9300-34800','8000-13500'),(104,12170301,4,'P. Z. WADIA','Medicine','Associate Professor','2017-03-01','2017-03-31','Pay Bill','',59000,9000,0,0,17000,0,106250,240,17000,0,100,1600,0,0,0,0,0,0,3380,45500,0,200,120,280,9000,0,0,0,0,0,0,0,0,'111110003983','Dena Bank','MED/GUJ/26384','','AAEPW3456G','','','37400-67000','12000-16500'),(104,12170401,4,'P. Z. WADIA','Medicine','Associate Professor','2017-04-01','2017-03-31','Pay Bill','',59000,9000,0,0,17000,0,106250,240,17000,0,100,1600,0,0,0,0,0,0,3380,45500,0,200,120,280,9000,0,0,0,0,0,0,0,0,'111110003983','Dena Bank','MED/GUJ/26384','','AAEPW3456G','','','37400-67000','12000-16500'),(105,12170301,11,'PARESH H. ZANZMERA','Neurology','Associate Professor','2017-03-01','2017-03-31','Pay Bill','',37400,9000,0,0,11600,0,72500,240,11600,300,100,1600,0,0,0,0,0,0,0,20000,0,200,0,0,0,0,0,0,0,0,0,0,0,'111110006241','Dena Bank','NOT ALLOTED','','AAJPZ9127G','','','37400-67000','12000-16500'),(105,12170401,11,'PARESH H. ZANZMERA','Neurology','Associate Professor','2017-04-01','2017-03-31','Pay Bill','',37400,9000,0,0,11600,0,72500,240,11600,300,100,1600,0,0,0,0,0,0,0,20000,0,200,0,0,0,0,0,0,0,0,0,0,0,'111110006241','Dena Bank','NOT ALLOTED','','AAJPZ9127G','','','37400-67000','12000-16500'),(105,12170477,11,'PARESH H. ZANZMERA','Neurology','Associate Professor','2016-10-25','2016-10-31','Arrears Bill','supplimenty pay bill',3890,451,0,0,1085,0,6785,0,1085,0,0,0,0,0,0,0,0,0,0,2500,0,0,0,0,0,0,0,0,0,0,0,0,0,'111110006241','Dena Bank','NOT ALLOTED','','AAJPZ9127G','','2210','37400-67000','12000-16500'),(106,12170301,11,'PARIMAL J. PATEL','Orthopedics','Assistant Professor','2017-03-01','2017-03-31','Pay Bill','',19370,7000,0,0,6593,0,41204,240,0,300,100,0,0,0,0,0,0,0,0,5000,400,200,0,0,0,0,0,0,0,0,0,0,0,'111110032639','Dena Bank','NOT ALLOTED','','BJDPP1819H','D-20 A.P. QUART','','15600-39100','10000-15200'),(106,12170401,11,'PARIMAL J. PATEL','Orthopedics','Assistant Professor','2017-04-01','2017-03-31','Pay Bill','',19370,7000,0,0,6593,0,41204,240,0,300,100,0,0,0,0,0,0,0,0,5000,400,200,0,0,0,0,0,0,0,0,0,0,0,'111110032639','Dena Bank','NOT ALLOTED','','BJDPP1819H','D-20 A.P. QUART','','15600-39100','10000-15200'),(107,12170301,11,'PARUL J. UDHNAWALA','Obstetrics and Gynecology','Assistant Professor','2017-03-01','2017-03-31','Pay Bill','',20990,7000,0,0,6998,0,43735,240,6998,300,100,1600,0,0,0,0,0,0,0,7500,0,200,0,0,0,0,0,0,0,0,0,0,0,'111110024377','Dena Bank','STOP PAYMENT','','ACYPU0114D','','','15600-39100','10000-15200'),(107,12170401,11,'PARUL J. UDHNAWALA','Obstetrics and Gynecology','Assistant Professor','2017-04-01','2017-03-31','Pay Bill','',20990,7000,0,0,6998,0,43735,240,6998,300,100,1600,0,0,0,0,0,0,0,7500,0,200,0,0,0,0,0,0,0,0,0,0,0,'111110024377','Dena Bank','STOP PAYMENT','','ACYPU0114D','','','15600-39100','10000-15200'),(108,12170301,44,'PAYAL DANGAR','Physiology','Tutor','2017-03-01','2017-03-31','Pay Bill','',67200,0,0,0,5698,0,0,240,0,300,100,0,0,0,0,0,0,0,0,5100,400,200,120,280,0,0,0,0,0,0,0,0,0,'111110025414','Dena Bank','NOT ALLOTED','','AMXPD0003H','B-15,NEELKANTH','','9300-34800','8000-13500'),(108,12170401,44,'PAYAL DANGAR','Physiology','Tutor','2017-04-01','2017-03-31','Pay Bill','',67200,0,0,0,5698,0,0,240,0,300,100,0,0,0,0,0,0,0,0,5100,400,200,120,280,0,0,0,0,0,0,0,0,0,'111110025414','Dena Bank','NOT ALLOTED','','AMXPD0003H','B-15,NEELKANTH','','17390 + 5400','9300-34800'),(109,12170301,4,'PINAL C. SHAH','Pathology','Assistant Professor','2017-03-01','2017-03-31','Pay Bill','',25470,7000,0,0,8118,0,50735,240,8118,300,100,1600,0,0,0,0,0,0,0,10000,0,200,120,280,15000,0,0,0,0,0,0,0,0,'111110006246','Dena Bank','MED/GUJ/40504','','AZFPS1117A','','','15600-39100','10000-15200'),(109,12170401,4,'PINAL C. SHAH','Pathology','Assistant Professor','2017-04-01','2017-03-31','Pay Bill','',25470,7000,0,0,8118,0,50735,240,8118,300,100,1600,0,0,0,0,0,0,0,10000,0,200,120,280,30000,0,0,0,0,0,0,0,0,'111110006246','Dena Bank','MED/GUJ/40504','','AZFPS1117A','','','15600-39100','10000-15200'),(110,12170301,99,'PINKAL SHAH','Pathology','Tutor','2017-03-01','2017-03-31','Pay Bill','',71300,0,0,0,6048,0,0,240,6048,300,100,1600,0,0,0,0,0,0,0,3000,0,200,120,280,7130,0,0,0,0,0,0,0,0,'111110005929','Dena Bank','2014140746600004','','BIUPS4991R','','','9300-34800','8000-13500'),(110,12170401,99,'PINKAL SHAH','Pathology','Tutor','2017-04-01','2017-03-31','Pay Bill','',71300,0,0,0,6048,0,0,240,6048,300,100,1600,0,0,0,0,0,0,0,3000,0,200,120,280,0,0,7130,0,0,0,0,0,0,'111110005929','Dena Bank','2014140746600004','','BIUPS4991R','','','18790 + 5400','9300-34800'),(111,12170301,9,'PIYUSH TAILOR','Biochemistry','Associate Professor','2017-03-01','2017-03-31','Pay Bill','',41720,9000,0,0,12680,0,79250,240,0,300,100,0,0,0,0,0,0,0,0,26500,600,200,120,280,11412,0,0,0,0,0,0,0,0,'111110027146','Dena Bank','2010140746600019','','ACZPT7883P','A-8 ,PROF.QURT','','37400-67000','12000-16500'),(111,12170401,9,'PIYUSH TAILOR','Biochemistry','Associate Professor','2017-04-01','2017-03-31','Pay Bill','',41720,9000,0,0,12680,0,79250,240,0,300,100,0,0,0,0,0,0,0,0,26500,600,200,120,280,0,0,11412,0,0,0,0,0,0,'111110027146','Dena Bank','2010140746600019','','ACZPT7883P','A-8 ,PROF.QURT','','37400-67000','12000-16500'),(112,12170301,11,'PRADEEP B. GUPTA','Emergency Medicine','Professor','2017-03-01','2017-03-31','Pay Bill','',58000,10000,0,0,17000,0,106250,240,17000,300,100,1600,0,0,0,0,0,0,5050,53000,0,200,120,280,50000,0,0,0,0,0,0,0,0,'111110001818','Dena Bank','MED/GUJ/26452','','ABSPG8590N','','','37400-67000','16400-22400'),(112,12170401,11,'PRADEEP B. GUPTA','Emergency Medicine','Professor','2017-04-01','2017-03-31','Pay Bill','medical all of march -2017 Recovry',58000,10000,0,0,17000,0,106250,240,17000,0,100,1600,0,0,0,0,0,0,5050,53000,0,200,120,280,50000,0,0,0,0,0,0,300,0,'111110001818','Dena Bank','MED/GUJ/26452','','ABSPG8590N','','','37400-67000','16400-22400'),(113,12170301,4,'PRADHYUMAN CHAUDHARI','Psychiatry','Assistant Professor','2017-03-01','2017-03-31','Pay Bill','',19370,7000,0,0,6593,0,41204,240,6593,0,100,1600,0,0,0,0,0,0,0,8400,0,200,0,0,0,0,0,0,0,0,0,0,0,'111110032803','Dena Bank','NOT ALLOTED','','AFJPC1683B','','','15600-39100','10000-15200'),(113,12170401,4,'PRADHYUMAN CHAUDHARI','Psychiatry','Assistant Professor','2017-04-01','2017-03-31','Pay Bill','',19370,7000,0,0,6593,0,41204,240,6593,0,100,1600,0,0,0,0,0,0,0,8400,0,200,0,0,0,0,0,0,0,0,0,0,0,'111110032803','Dena Bank','NOT ALLOTED','','AFJPC1683B','','','15600-39100','10000-15200'),(113,12170477,11,'PRADHYUMAN CHAUDHARI','Psychiatry','Assistant Professor','0000-00-00','0000-00-00','Arrears Bill','supplimenty pay bill',2499,903,0,0,851,0,5317,31,851,0,13,206,0,0,0,0,0,0,0,8400,0,200,0,0,0,0,0,0,0,0,0,0,0,'111110032803','Dena Bank','NOT ALLOTED','','AFJPC1683B','','2210','15600-39100','10000-15200'),(114,12170301,4,'PRAKASH PATEL','General surgery','Assistant Professor','2017-03-01','2017-03-31','Pay Bill','',21830,7000,0,0,7208,0,45048,240,7208,300,100,1600,0,0,0,0,0,0,0,9000,0,200,120,280,0,0,0,0,0,0,0,0,0,'111110027142','Dena Bank','NOT ALLOTED','','BMYPP0558D','','','15600-39100','10000-15200'),(114,12170401,4,'PRAKASH PATEL','General surgery','Assistant Professor','2017-04-01','2017-03-31','Pay Bill','',21830,7000,0,0,7208,0,45048,240,7208,300,100,1600,0,0,0,0,0,0,0,9000,0,200,120,280,0,0,0,0,0,0,0,0,0,'111110027142','Dena Bank','NOT ALLOTED','','BMYPP0558D','','','15600-39100','10000-15200'),(115,12170301,44,'PRAKASH P. MALAM','Pharmacology','Tutor','2017-03-01','2017-03-31','Pay Bill','',65200,0,0,0,5530,0,0,240,0,300,100,0,0,0,0,0,0,0,0,5000,300,200,0,0,0,0,0,0,0,0,0,0,0,'111110025854','Dena Bank','NOT ALLOTED','','AXYPM1433A','C-10,SHRIRAM BL','','9300-34800','8000-13500'),(115,12170401,44,'PRAKASH P. MALAM','Pharmacology','Tutor','2017-04-01','2017-03-31','Pay Bill','',65200,0,0,0,5530,0,0,240,0,300,100,0,0,0,0,0,0,0,0,5000,300,200,0,0,0,0,0,0,0,0,0,0,0,'111110025854','Dena Bank','NOT ALLOTED','','AXYPM1433A','C-10,SHRIRAM BL','','16720 + 5400','9300-34800'),(116,12170301,9,'PRASHANT R. PATEL','Pathology','Assistant Professor','2017-03-01','2017-03-31','Pay Bill','',20990,7000,0,0,6998,0,43735,240,6998,300,100,1600,0,0,0,0,0,0,0,6400,0,200,120,280,6298,0,0,0,0,0,0,0,0,'111110024598','Dena Bank','2010140746600049','','ASSPP0277A','','','15600-39100','10000-15200'),(116,12170401,9,'PRASHANT R. PATEL','Pathology','Assistant Professor','2017-04-01','2017-03-31','Pay Bill','',20990,7000,0,0,6998,0,43735,240,6998,300,100,1600,0,0,0,0,0,0,0,6400,0,200,120,280,0,0,6298,0,0,0,0,0,0,'111110024598','Dena Bank','2010140746600049','','ASSPP0277A','','','15600-39100','10000-15200'),(117,12170301,4,'PRITI KAPADIYA','Opthalmology','Professor','2017-03-01','2017-03-31','Pay Bill','',58000,10000,0,0,17000,0,106250,240,17000,300,100,1600,0,0,0,0,0,375,6550,46000,0,200,120,280,20000,0,0,0,0,0,0,0,0,'111110004725','Dena Bank','MED/GUJ/26639','','ABNPG7880Q','','','37400-67000','16400-22400'),(117,12170401,4,'PRITI KAPADIYA','Opthalmology','Professor','2017-04-01','2017-03-31','Pay Bill','',58000,10000,0,0,17000,0,106250,240,17000,300,100,1600,0,0,0,0,0,375,6550,46000,0,200,120,280,20000,0,0,0,0,0,0,0,0,'111110004725','Dena Bank','MED/GUJ/26639','','ABNPG7880Q','','','37400-67000','16400-22400'),(118,12170301,11,'PRITI YADAV','Pharmacology','Associate Professor','2017-03-01','2017-03-31','Pay Bill','',56980,9000,0,0,16495,0,103094,240,16495,300,100,1600,0,0,0,0,0,0,0,36500,0,200,120,280,20000,0,0,0,0,0,0,0,0,'111110003254','Dena Bank','MED/GUJ/37989','','AAGPY5602C','','','37400-67000','12000-16500'),(118,12170401,11,'PRITI YADAV','Pharmacology','Associate Professor','2017-04-01','2017-03-31','Pay Bill','',56980,9000,0,0,16495,0,103094,240,16495,300,100,1600,0,0,0,0,0,0,0,36500,0,200,120,280,20000,0,0,0,0,0,0,0,0,'111110003254','Dena Bank','MED/GUJ/37989','','AAGPY5602C','','','37400-67000','12000-16500'),(119,12170301,9,'PRITI B. PATEL','Opthalmology','Assistant Professor','2017-03-01','2017-03-31','Pay Bill','',23600,7000,0,0,7650,0,47813,240,7650,300,100,1600,0,0,0,0,0,0,0,8500,0,200,120,280,6885,0,0,0,0,0,0,0,0,'25710006256','Dena Bank','2011140746600004','','AXTPP6988J','','','15600-39100','10000-15200'),(119,12170401,9,'PRITI B. PATEL','Opthalmology','Assistant Professor','2017-04-01','2017-03-31','Pay Bill','',23600,7000,0,0,7650,0,47813,240,7650,300,100,1600,0,0,0,0,0,0,0,8500,0,200,120,280,0,0,6885,0,0,0,0,0,0,'25710006256','Dena Bank','2011140746600004','','AXTPP6988J','','','15600-39100','10000-15200'),(120,12170301,11,'PRIYANKA U. MODI','Medicine','Assistant Professor','2017-03-01','2017-03-31','Pay Bill','',18600,7000,0,0,6400,0,40000,240,6400,0,100,1600,0,0,0,0,0,0,0,6500,0,200,0,0,0,0,0,0,0,0,0,0,0,'111110026725','Dena Bank','NOT ALLOTED','','BFYPM1299H','','','15600-39100','10000-15200'),(120,12170401,11,'PRIYANKA U. MODI','Medicine','Assistant Professor','2017-04-01','2017-03-31','Pay Bill','',18600,7000,0,0,6400,0,40000,240,6400,0,100,1600,0,0,0,0,0,0,0,6500,0,200,0,0,0,0,0,0,0,0,0,0,0,'111110026725','Dena Bank','NOT ALLOTED','','BFYPM1299H','','','15600-39100','10000-15200'),(121,12170301,4,'PUNEET SAXENA','Biochemistry','Associate Professor','2017-03-01','2017-03-31','Pay Bill','',49830,9000,0,0,14708,0,91923,240,14708,300,100,1600,0,0,0,0,0,0,0,32500,0,200,120,280,9000,0,0,0,0,0,0,0,0,'111110004349','Dena Bank','MED/GUJ/40050','','ANCPS3024K','','','37400-67000','12000-16500'),(121,12170401,4,'PUNEET SAXENA','Biochemistry','Associate Professor','2017-04-01','2017-03-31','Pay Bill','',49830,9000,0,0,14708,0,91923,240,14708,300,100,1600,0,0,0,0,0,0,0,32500,0,200,120,280,9000,0,0,0,0,0,0,0,0,'111110004349','Dena Bank','MED/GUJ/40050','','ANCPS3024K','','','37400-67000','12000-16500'),(122,12170301,9,'PURVI DESAI','Radiology','Associate Professor','2017-03-01','2017-03-31','Pay Bill','',49830,9000,0,0,14708,0,91923,240,14708,300,100,1600,0,0,0,0,0,0,0,36000,0,200,120,280,13237,0,0,0,0,0,0,0,0,'111110002815','Dena Bank','2010140746600035','','AEYPD3821Q','','','37400-67000','12000-16500'),(122,12170401,9,'PURVI DESAI','Radiology','Associate Professor','2017-04-01','2017-03-31','Pay Bill','',49830,9000,0,0,14708,0,91923,240,14708,300,100,1600,0,0,0,0,0,0,0,36000,0,200,120,280,0,0,13237,0,0,0,0,0,0,'111110002815','Dena Bank','2010140746600035','','AEYPD3821Q','','','37400-67000','12000-16500'),(123,12170301,4,'R. N. HATHILA','Pathology','Associate Professor','2017-03-01','2017-03-31','Pay Bill','',57090,9000,0,0,16523,0,103266,240,16523,300,100,1600,0,0,0,0,0,0,0,38000,0,200,120,280,15000,0,0,0,0,0,0,0,0,'111110002299','Dena Bank','MED/GUJ/26651','','AAGPH2147B','A-3,PROF. QURTS','','37400-67000','12000-16500'),(123,12170401,4,'R. N. HATHILA','Pathology','Associate Professor','2017-04-01','2017-03-31','Pay Bill','',57090,9000,0,0,16523,0,103266,240,16523,300,100,1600,0,0,0,0,0,0,0,38000,0,200,120,280,15000,0,0,0,0,0,0,0,0,'111110002299','Dena Bank','MED/GUJ/26651','','AAGPH2147B','A-3,PROF. QURTS','','37400-67000','12000-16500'),(124,12170301,9,'RAHUL B. DAMOR','Community Medicine','Assistant Professor','2017-03-01','2017-03-31','Pay Bill','',22700,7000,0,0,7425,0,46406,240,0,300,100,0,0,0,0,0,0,0,0,5000,600,200,120,280,6683,0,0,0,0,0,0,0,0,'111110026581','Dena Bank','2015140746600045','','AMZPD8452C','E-9,ASSO.PROF.','','15600-39100','10000-15200'),(124,12170401,9,'RAHUL B. DAMOR','Community Medicine','Assistant Professor','2017-04-01','2017-03-31','Pay Bill','',22700,7000,0,0,7425,0,46406,240,0,300,100,0,0,0,0,0,0,0,0,5000,600,200,120,280,0,0,6683,0,0,0,0,0,0,'111110026581','Dena Bank','2015140746600045','','AMZPD8452C','E-9,ASSO.PROF.','','15600-39100','10000-15200'),(125,12170301,11,'RAHUL B. PATEL','ENT-NPPCD','Assistant Professor','2017-03-01','2017-03-31','Pay Bill','',23600,7000,0,0,7650,0,47813,240,7650,300,100,1600,0,0,0,0,0,0,0,9500,0,200,120,280,0,0,0,0,0,0,0,0,0,'111110004424','Dena Bank','NOT ALLOTED','','AUMPP1822B','','','15600-39100','10000-15200'),(125,12170401,11,'RAHUL B. PATEL','ENT-NPPCD','Assistant Professor','2017-04-01','2017-03-31','Pay Bill','',23600,7000,0,0,7650,0,47813,240,7650,300,100,1600,0,0,0,0,0,0,0,9500,0,200,120,280,0,0,0,0,0,0,0,0,0,'111110004424','Dena Bank','NOT ALLOTED','','AUMPP1822B','','','15600-39100','10000-15200'),(126,12170301,44,'RAHUL J. CHAUDHARI','Pharmacology','Tutor','2017-03-01','2017-03-31','Pay Bill','',63300,0,0,0,5368,0,0,240,5368,300,100,1600,0,0,0,0,0,0,0,5000,0,200,0,0,0,0,0,0,0,0,0,0,0,'111110027339','Dena Bank','NOT ALLOTED','','APIPC3517K','C/4 CHANDRALOK','','9300-34800','8000-13500'),(126,12170401,44,'RAHUL J. CHAUDHARI','Pharmacology','Tutor','2017-04-01','2017-03-31','Pay Bill','',63300,0,0,0,5368,0,0,240,5368,300,100,1600,0,0,0,0,0,0,0,5000,0,200,0,0,0,0,0,0,0,0,0,0,0,'111110027339','Dena Bank','NOT ALLOTED','','APIPC3517K','C/4 CHANDRALOK','','16070 + 5400','9300-34800'),(127,12170301,9,'RAJESHRI BODAT','Physiology','Associate Professor','2017-03-01','2017-03-31','Pay Bill','',43250,9000,0,0,13063,0,81641,240,0,300,100,0,0,0,0,0,0,0,0,35000,480,200,120,280,11756,0,0,0,0,0,0,0,0,'111110005948','Dena Bank','2011140746600020','','AKPPB9607H','B-17, A.P.QURTS','','37400-67000','12000-16500'),(127,12170401,9,'RAJESHRI BODAT','Physiology','Associate Professor','2017-04-01','2017-03-31','Pay Bill','',43250,9000,0,0,13063,0,81641,240,0,300,100,0,0,0,0,0,0,0,0,35000,480,200,120,280,0,0,11756,0,0,0,0,0,0,'111110005948','Dena Bank','2011140746600020','','AKPPB9607H','B-17, A.P.QURTS','','37400-67000','12000-16500'),(128,12170301,9,'RASHAVITA K PATEL','Anatomy','Assistant Professor','2017-03-01','2017-03-31','Pay Bill','',23600,7000,0,0,7650,0,47813,240,7650,300,100,1600,0,0,0,0,0,0,0,9500,0,200,120,280,6885,0,0,0,0,0,0,0,0,'111110004533','Dena Bank','2010140746600031','','ANGPP3371G','','','15600-39100','10000-15200'),(128,12170401,9,'RASHAVITA K PATEL','Anatomy','Assistant Professor','2017-04-01','2017-03-31','Pay Bill','',23600,7000,0,0,7650,0,47813,240,7650,300,100,1600,0,0,0,0,0,0,0,9500,0,200,120,280,0,0,6885,0,0,0,0,0,0,'111110004533','Dena Bank','2010140746600031','','ANGPP3371G','','','15600-39100','10000-15200'),(129,12170301,9,'RINI TEKRIWAL','Physiology','Assistant Professor','2017-03-01','2017-03-31','Pay Bill','',26230,7000,0,0,8308,0,51923,240,8308,300,100,1600,0,0,0,0,0,0,0,11000,0,200,120,280,7477,0,0,0,0,0,0,0,0,'111110004093','Dena Bank','2010140746600016','','ABLPT4758Q','','','15600-39100','10000-15200'),(129,12170401,9,'RINI TEKRIWAL','Physiology','Assistant Professor','2017-04-01','2017-03-31','Pay Bill','',26230,7000,0,0,8308,0,51923,240,8308,300,100,1600,0,0,0,0,0,0,0,11000,0,200,120,280,0,0,7477,0,0,0,0,0,0,'111110004093','Dena Bank','2010140746600016','','ABLPT4758Q','','','15600-39100','10000-15200'),(130,12170301,44,'RITAL K. PATEL','Dentistry','Tutor','2017-03-01','2017-03-31','Pay Bill','',67200,0,0,0,5698,0,0,240,5698,300,100,1600,0,0,0,0,0,0,0,10000,0,200,0,0,0,0,0,0,0,0,0,0,0,'111110025673','Dena Bank','NOT ALLOTED','','BNUPP1757R','','','9300-34800','8000-13500'),(130,12170401,44,'RITAL K. PATEL','Dentistry','Tutor','2017-04-01','2017-03-31','Pay Bill','',67200,0,0,0,5698,0,0,240,5698,300,100,1600,0,0,0,0,0,0,0,10000,0,200,0,0,0,0,0,0,0,0,0,0,0,'111110025673','Dena Bank','NOT ALLOTED','','BNUPP1757R','','','17390 + 5400','9300-34800'),(131,12170301,11,'RITAMBHARA MEHTA','Psychiatry','Professor','2017-03-01','2017-03-31','Pay Bill','',56440,10000,0,0,16610,0,103813,240,0,300,100,0,0,0,0,0,0,0,0,33000,1040,200,120,280,10000,0,0,0,0,0,0,0,0,'111110003989','Dena Bank','MED/GUJ/23962','','ADJPM1600L','E2/7 PROF BUN.','','37400-67000','16400-22400'),(131,12170401,11,'RITAMBHARA MEHTA','Psychiatry','Professor','2017-04-01','2017-03-31','Pay Bill','',56440,10000,0,0,16610,0,103813,240,0,300,100,0,0,0,0,0,0,0,0,33000,1040,200,120,280,10000,0,0,0,0,0,0,0,0,'111110003989','Dena Bank','MED/GUJ/23962','','ADJPM1600L','E2/7 PROF BUN.','','37400-67000','16400-22400'),(132,12170301,99,'ROHAN D. RANA','Biochemistry','Tutor','2017-03-01','2017-03-31','Pay Bill','',71300,0,0,0,6048,0,0,240,6048,300,100,1600,0,0,0,0,0,0,0,4000,0,200,120,280,7130,0,0,0,0,0,0,0,0,'111110026262','Dena Bank','2012140746600005','','AQLPR2258L','','','9300-34800','8000-13500'),(132,12170401,99,'ROHAN D. RANA','Biochemistry','Tutor','2017-04-01','2017-03-31','Pay Bill','',71300,0,0,0,6048,0,0,240,6048,300,100,1600,0,0,0,0,0,0,0,4000,0,200,120,280,0,0,7130,0,0,0,0,0,0,'111110026262','Dena Bank','2012140746600005','','AQLPR2258L','','','18790 + 5400','9300-34800'),(133,12170301,9,'SANDEEP KANSAL','General surgery','Associate Professor','2017-03-01','2017-03-31','Pay Bill','',51600,9000,0,0,15150,0,94688,240,15150,300,100,1600,0,0,0,0,0,0,0,31700,0,200,120,280,13635,0,0,0,0,0,0,0,0,'111110003934','Dena Bank','2010140746600015','','AIRPK4142N','','','37400-67000','12000-16500'),(133,12170401,9,'SANDEEP KANSAL','General surgery','Associate Professor','2017-04-01','2017-03-31','Pay Bill','',51600,9000,0,0,15150,0,94688,240,15150,300,100,1600,0,0,0,0,0,0,0,31700,0,200,120,280,0,0,13635,0,0,0,0,0,0,'111110003934','Dena Bank','2010140746600015','','AIRPK4142N','','','37400-67000','12000-16500'),(134,12170301,4,'SANGEETA TRIVEDI','Opthalmology','Associate Professor','2017-03-01','2017-03-31','Pay Bill','',57210,9000,0,0,16553,0,103454,240,0,300,100,0,0,0,0,0,0,0,0,38000,1040,200,120,280,10000,0,0,0,0,0,0,0,0,'111110002508','Dena Bank','MED/GUJ/26696','','AAQPT3038B','E2/13 PROF.BUNG','','37400-67000','12000-16500'),(134,12170401,0,'SANGEETA TRIVEDI','Opthalmology','Associate Professor','2017-04-01','2017-03-31','Pay Bill','',57210,9000,0,0,16553,0,103454,240,0,300,100,0,0,0,0,0,0,0,0,38000,1040,200,120,280,10000,0,0,0,0,0,0,0,0,'111110002508','Dena Bank','MED/GUJ/26696','','AAQPT3038B','E2/13 PROF.BUNG','','37400-67000','12000-16500'),(135,12170301,11,'SANGITA B. RAJDEV','Microbiology','Assistant Professor','2017-03-01','2017-03-31','Pay Bill','',21830,7000,0,0,7208,0,45048,240,0,300,100,0,0,0,0,0,0,0,0,4000,600,200,0,0,0,0,0,0,0,0,0,0,0,'111110005424','Dena Bank','NOT ALLOTED','','AOYPR9266F','D-1/1,A.P.QURT.','','15600-39100','10000-15200'),(135,12170401,11,'SANGITA B. RAJDEV','Microbiology','Assistant Professor','2017-04-01','2017-03-31','Pay Bill','',21830,7000,0,0,7208,0,45048,240,0,300,100,0,0,0,0,0,0,0,0,4000,600,200,0,0,0,0,0,0,0,0,0,0,0,'111110005424','Dena Bank','NOT ALLOTED','','AOYPR9266F','D-1/1,A.P.QURT.','','15600-39100','10000-15200'),(136,12170301,9,'SARAL BHATIA','Obstetrics and Gynecology','Associate Professor','2017-03-01','2017-03-31','Pay Bill','',44820,9000,0,0,13455,0,84094,240,0,300,100,0,0,0,0,0,0,0,0,26000,600,200,120,280,12110,0,0,0,0,0,0,0,0,'111110003569','Dena Bank','2010140746600017','','AJXPB4099A','D1/3,A.P.QURTS','','37400-67000','12000-16500'),(136,12170401,9,'SARAL BHATIA','Obstetrics and Gynecology','Associate Professor','2017-04-01','2017-03-31','Pay Bill','',44820,9000,0,0,13455,0,84094,240,0,300,100,0,0,0,0,0,0,0,0,26000,600,200,120,280,0,0,12110,0,0,0,0,0,0,'111110003569','Dena Bank','2010140746600017','','AJXPB4099A','D1/3,A.P.QURTS','','37400-67000','12000-16500'),(137,12170301,4,'SARITA H. PATEL','Biochemistry','Assistant Professor','2017-03-01','2017-03-31','Pay Bill','',20170,7000,0,0,6793,0,42454,240,0,300,100,0,0,0,0,0,0,0,0,7000,600,200,0,0,0,0,0,0,0,0,0,0,0,'111110024853','Dena Bank','NOT ALLOTED','','AWFPP4941A','A-3 PROF QUART','','15600-39100','10000-15200'),(137,12170401,4,'SARITA H. PATEL','Biochemistry','Assistant Professor','2017-04-01','2017-03-31','Pay Bill','',20170,7000,0,0,6793,0,42454,240,0,300,100,0,0,0,0,0,0,0,0,7000,600,200,0,0,0,0,0,0,0,0,0,0,0,'111110024853','Dena Bank','NOT ALLOTED','','AWFPP4941A','A-3 PROF QUART','','15600-39100','10000-15200'),(138,12170301,44,'SARITA J. MANGUKIYA','Biochemistry','Tutor','2017-03-01','2017-03-31','Pay Bill','',59700,0,0,0,5058,0,0,240,5058,300,100,1600,0,0,0,0,0,0,0,5000,0,200,0,0,0,0,0,0,0,0,0,0,0,'111110024200','Dena Bank','NOT ALLOTED','','AQNPM4905B','','','9300-34800','8000-13500'),(138,12170401,44,'SARITA J. MANGUKIYA','Biochemistry','Tutor','2017-04-01','2017-03-31','Pay Bill','',59700,0,0,0,5058,0,0,240,5058,300,100,1600,0,0,0,0,0,0,0,5000,0,200,0,0,0,0,0,0,0,0,0,0,0,'111110024200','Dena Bank','NOT ALLOTED','','AQNPM4905B','','','14830 + 5400','9300-34800'),(139,12170301,4,'SHAILEE N. VYAS','Community Medicine','Assistant Professor','2017-03-01','2017-03-31','Pay Bill','',20990,7000,0,0,6998,0,43735,240,6998,300,100,1600,0,0,0,0,0,0,0,10000,0,200,120,280,0,0,0,0,0,0,0,0,0,'111110024497','Dena Bank','NOT ALLOTED','','AHTPV5810H','','','15600-39100','10000-15200'),(139,12170401,4,'SHAILEE N. VYAS','Community Medicine','Assistant Professor','2017-04-01','2017-03-31','Pay Bill','',20990,7000,0,0,6998,0,43735,240,6998,300,100,1600,0,0,0,0,0,0,0,10000,0,200,120,280,0,0,0,0,0,0,0,0,0,'111110024497','Dena Bank','NOT ALLOTED','','AHTPV5810H','','','15600-39100','10000-15200'),(140,12170301,4,'SHARMISTHA PATEL','Pathology','Assistant Professor','2017-03-01','2017-03-31','Pay Bill','',32530,7000,0,0,9883,0,61766,240,9883,300,100,1600,0,0,0,0,0,0,0,17600,0,200,120,280,30000,0,0,0,0,0,0,0,0,'111110002447','Dena Bank','MED/GUJ/26581','','ABTPP9070D','','','15600-39100','10000-15200'),(140,12170401,4,'SHARMISTHA PATEL','Pathology','Assistant Professor','2017-04-01','2017-03-31','Pay Bill','',32530,7000,0,0,9883,0,61766,240,9883,300,100,1600,0,0,0,0,0,0,0,17600,0,200,120,280,30000,0,0,0,0,0,0,0,0,'111110002447','Dena Bank','MED/GUJ/26581','','ABTPP9070D','','','15600-39100','10000-15200'),(141,12170301,9,'SHIVANI D. PATEL','Opthalmology','Assistant Professor','2017-03-01','2017-03-31','Pay Bill','',22700,7000,0,0,7425,0,46406,240,7425,300,100,1600,0,0,0,0,0,0,0,8000,0,200,120,280,6683,0,0,0,0,0,0,0,0,'111110004489','Dena Bank','2011140746600013','','AHWPP3252E','','','15600-39100','10000-15600'),(141,12170401,9,'SHIVANI D. PATEL','Opthalmology','Assistant Professor','2017-04-01','2017-03-31','Pay Bill','',22700,7000,0,0,7425,0,46406,240,7425,300,100,1600,0,0,0,0,0,0,0,8000,0,200,120,280,0,0,6683,0,0,0,0,0,0,'111110004489','Dena Bank','2011140746600013','','AHWPP3252E','','','15600-39100','10000-15600'),(142,12170301,11,'SHWETA A. PATEL','Anesthesiology','Assistant Professor','2017-03-01','2017-03-31','Pay Bill','',19370,7000,0,0,6593,0,41204,240,6593,300,100,1600,0,0,0,0,0,0,0,7000,0,200,0,0,0,0,0,0,0,0,0,0,0,'111110024921','Dena Bank','NOT ALLOTED','','BGDPP4749K','','','15600-39100','10000-15200'),(142,12170401,11,'SHWETA A. PATEL','Anesthesiology','Assistant Professor','2017-04-01','2017-03-31','Pay Bill','',19370,7000,0,0,6593,0,41204,240,6593,300,100,1600,0,0,0,0,0,0,0,7000,0,200,0,0,0,0,0,0,0,0,0,0,0,'111110024921','Dena Bank','NOT ALLOTED','','BGDPP4749K','','','15600-39100','10000-15200'),(143,12170301,9,'SHWETA M. DESAI','Anatomy','Assistant Professor','2017-03-01','2017-03-31','Pay Bill','',20170,7000,0,0,6793,0,42454,240,6793,300,100,1600,0,0,0,0,0,0,0,4000,0,200,120,280,6113,0,0,0,0,0,0,0,0,'111110023913','Dena Bank','2016140746600015','','AOKPP4380E','','','15600-39100','10000-15200'),(143,12170401,9,'SHWETA M. DESAI','Anatomy','Assistant Professor','2017-04-01','2017-03-31','Pay Bill','',20170,7000,0,0,6793,0,42454,240,6793,300,100,1600,0,0,0,0,0,0,0,4000,0,200,120,280,0,0,6113,0,0,0,0,0,0,'111110023913','Dena Bank','2016140746600015','','AOKPP4380E','','','15600-39100','10000-15200'),(144,12170301,4,'SNEHLATA J. CHAUDHARI','Physiology','Associate Professor','2017-03-01','2017-03-31','Pay Bill','',51600,9000,0,0,15150,0,94688,240,15150,300,100,1600,0,0,0,0,0,0,0,40000,0,200,120,280,40000,0,0,0,0,0,0,0,0,'111110003601','Dena Bank','MED/GUJ/26375','','ADAPC2033L','','','37400-67000','12000-16500'),(144,12170401,4,'SNEHLATA J. CHAUDHARI','Physiology','Associate Professor','2017-04-01','2017-03-31','Pay Bill','',51600,9000,0,0,15150,0,94688,240,15150,300,100,1600,0,0,0,0,0,0,0,40000,0,200,120,280,40000,0,0,0,0,0,0,0,0,'111110003601','Dena Bank','MED/GUJ/26375','','ADAPC2033L','','','37400-67000','12000-16500'),(145,12170301,44,'STUTI A. JHALA','Dentistry','Tutor','2017-03-01','2017-03-31','Pay Bill','',0,0,0,0,0,0,0,0,0,0,0,0,0,0,0,0,0,0,0,0,0,0,0,0,0,0,0,0,0,0,0,0,0,'111110025679','Dena Bank','NOT ALLOTED','','AQVPJ4925E','','','9300-34800','8000-13500'),(145,12170401,44,'STUTI A. JHALA','Dentistry','Tutor','2017-04-01','2017-03-31','Pay Bill','',0,0,0,0,0,0,0,0,0,0,0,0,0,0,0,0,0,0,0,0,0,0,0,0,0,0,0,0,0,0,0,0,0,'111110025679','Dena Bank','NOT ALLOTED','','AQVPJ4925E','','','9300-34800','8000-13500'),(146,12170301,9,'SUKESHA P. GAMIT','Community Medicine','Assistant Professor','2017-03-01','2017-03-31','Pay Bill','',20170,7000,0,0,6793,0,42454,240,6793,300,100,1600,0,0,0,0,0,0,0,5500,0,200,120,280,6113,0,0,0,0,0,0,0,0,'111110006239','Dena Bank','2010140746600020','','AGQPG4259H','D1/6,A.P.QURTS','','15600-39100','10000-15200'),(146,12170401,9,'SUKESHA P. GAMIT','Community Medicine','Assistant Professor','2017-04-01','2017-03-31','Pay Bill','',20170,7000,0,0,6793,0,42454,240,6793,300,100,1600,0,0,0,0,0,0,0,5500,0,200,120,280,0,0,6113,0,0,0,0,0,0,'111110006239','Dena Bank','2010140746600020','','AGQPG4259H','D1/6,A.P.QURTS','','15600-39100','10000-15200'),(147,12170301,9,'SUNAINA PATEL','Anesthesiology','Assistant Professor','2017-03-01','2017-03-31','Pay Bill','',25470,7000,0,0,8118,0,50735,240,8118,300,100,1600,0,0,0,0,0,0,0,8000,0,200,120,280,7306,0,0,0,0,0,0,0,0,'111110023987','Dena Bank','2011140746600016','','APVPP9835L','','','15600-39100','10000-15200'),(147,12170401,9,'SUNAINA PATEL','Anesthesiology','Assistant Professor','2017-04-01','2017-03-31','Pay Bill','',25470,7000,0,0,8118,0,50735,240,8118,300,100,1600,0,0,0,0,0,0,0,8000,0,200,120,280,0,0,7306,0,0,0,0,0,0,'111110023987','Dena Bank','2011140746600016','','APVPP9835L','','','15600-39100','10000-15200'),(148,12170301,99,'SURESH G. PADSALA','Pathology','Tutor','2017-03-01','2017-03-31','Pay Bill','',71300,0,0,0,6048,0,0,240,6048,300,100,1600,0,0,0,0,0,0,0,2500,0,200,120,280,7130,0,0,0,0,0,0,0,0,'111110024489','Dena Bank','2010140746600048','','AZKPP6282A','','','9300-34800','8000-13500'),(148,12170401,99,'SURESH G. PADSALA','Pathology','Tutor','2017-04-01','2017-03-31','Pay Bill','',71300,0,0,0,6048,0,0,240,6048,300,100,1600,0,0,0,0,0,0,0,2500,0,200,120,280,0,0,7130,0,0,0,0,0,0,'111110024489','Dena Bank','2010140746600048','','AZKPP6282A','','','18790 + 5400','9300-34800'),(149,12170301,9,'SWAPNA APTE','Physiology','Assistant Professor','2017-03-01','2017-03-31','Pay Bill','',31200,7000,0,0,9550,0,59688,240,9550,300,100,1600,0,0,0,0,0,0,0,15800,0,200,120,280,8595,0,0,0,0,0,0,0,0,'111110002971','Dena Bank','2009140746600012','','AARPA7748N','','','15600-39100','10000-15200'),(149,12170401,9,'SWAPNA APTE','Physiology','Assistant Professor','2017-04-01','2017-03-31','Pay Bill','',31200,7000,0,0,9550,0,59688,240,9550,300,100,1600,0,0,0,0,0,0,0,15800,0,200,120,280,0,0,8595,0,0,0,0,0,0,'111110002971','Dena Bank','2009140746600012','','AARPA7748N','','','15600-39100','10000-15200'),(150,12170301,11,'SWAPNIL S. NALGE','Orthopedics','Assistant Professor','2017-03-01','2017-03-31','Pay Bill','',19370,7000,0,0,6593,0,41204,240,6593,300,100,1600,0,0,0,0,0,0,0,7000,0,200,0,0,0,0,0,0,0,0,0,0,0,'53310022773','Dena Bank','STOP PAYMENT','','AIGPN8158G','','','15600-39100','10000-15200'),(150,12170401,11,'SWAPNIL S. NALGE','Orthopedics','Assistant Professor','2017-04-01','2017-03-31','Pay Bill','',19370,7000,0,0,6593,0,41204,240,6593,300,100,1600,0,0,0,0,0,0,0,7000,0,200,0,0,0,0,0,0,0,0,0,0,0,'53310022773','Dena Bank','STOP PAYMENT','','AIGPN8158G','','','15600-39100','10000-15200'),(151,12170301,11,'SWETA T. GAMIT','Medicine','Assistant Professor','2017-03-01','2017-03-31','Pay Bill','',20170,7000,0,0,6793,0,42454,240,6793,300,100,1600,0,0,0,0,0,0,0,7000,0,200,0,0,0,0,0,0,0,0,0,0,0,'111110006179','Dena Bank','NOT ALLOTED','','AKWPG8462G','','','15600-39100','10000-15200'),(151,12170401,11,'SWETA T. GAMIT','Medicine','Assistant Professor','2017-04-01','2017-03-31','Pay Bill','',20170,7000,0,0,6793,0,42454,240,6793,300,100,1600,0,0,0,0,0,0,0,7000,0,200,0,0,0,0,0,0,0,0,0,0,0,'111110006179','Dena Bank','NOT ALLOTED','','AKWPG8462G','','','15600-39100','10000-15200'),(152,12170301,9,'TANVI R. SUKHARAMWALA','Microbiology','Assistant Professor','2017-03-01','2017-03-31','Pay Bill','',22700,7000,0,0,7425,0,46406,240,7425,300,100,1600,0,0,0,0,0,0,0,8000,0,200,120,280,6683,0,0,0,0,0,0,0,0,'111110023876','Dena Bank','2010140746600011','','ADIPP6174H','','','15600-39100','10000-15200'),(152,12170401,9,'TANVI R. SUKHARAMWALA','Microbiology','Assistant Professor','2017-04-01','2017-03-31','Pay Bill','',22700,7000,0,0,7425,0,46406,240,7425,300,100,1600,0,0,0,0,0,0,0,8000,0,200,120,280,0,0,6683,0,0,0,0,0,0,'111110023876','Dena Bank','2010140746600011','','ADIPP6174H','','','15600-39100','10000-15200'),(153,12170301,4,'TEJAL A. CHAUDHARI','Anesthesiology','Assistant Professor','2017-03-01','2017-03-31','Pay Bill','',19370,7000,0,0,6593,0,41204,240,0,300,100,0,0,0,0,0,0,0,0,6000,400,200,0,0,0,0,0,0,0,0,0,0,0,'111110032641','Dena Bank','NOT ALLOTED','','AXNPC0567E','B16 D TYPE QUAR','','15600-39100','10000-15200'),(153,12170401,4,'TEJAL A. CHAUDHARI','Anesthesiology','Assistant Professor','2017-04-01','2017-03-31','Pay Bill','',19370,7000,0,0,6593,0,41204,240,0,300,100,0,0,0,0,0,0,0,0,6000,400,200,0,0,0,0,0,0,0,0,0,0,0,'111110032641','Dena Bank','NOT ALLOTED','','AXNPC0567E','B16 D TYPE QUAR','','15600-39100','10000-15200'),(154,12170301,2,'TRUPTI M. SOLU','Opthalmology','Associate Professor','2017-03-01','2017-03-31','Pay Bill','',57090,9000,0,0,16523,0,103266,240,16523,300,100,1600,0,0,0,0,0,0,0,43000,0,200,120,280,65000,0,0,0,0,0,0,0,0,'111110002392','Dena Bank','MED/GUJ/26595','','AEZPS9899A','','','37400-67000','12000-16500'),(154,12170401,2,'TRUPTI M. SOLU','Opthalmology','Associate Professor','2017-04-01','2017-04-30','Pay Bill','',57090,9000,0,0,16523,0,103266,240,16523,300,100,1600,0,0,0,0,0,0,0,43000,0,200,120,280,65000,0,0,0,0,0,0,1973,0,'111110002392','Dena Bank','MED/GUJ/26595','','AEZPS9899A','','2210','37400-67000','12000-16500'),(155,12170301,4,'VASUDHA M. BHAGAT','Pathology','Associate Professor','2017-03-01','2017-03-31','Pay Bill','',59000,9000,0,0,17000,0,106250,240,0,300,100,0,0,0,0,0,0,0,1570,40000,1040,200,120,280,15000,0,0,0,0,0,0,0,0,'111110001928','Dena Bank','MED/GUJ/26423','','ABIPB6551G','E-2/6 PRO BUNGL','','37400-67000','12000-16500'),(155,12170401,4,'VASUDHA M. BHAGAT','Pathology','Associate Professor','2017-04-01','2017-03-31','Pay Bill','',59000,9000,0,0,17000,0,106250,240,0,300,100,0,0,0,0,0,0,0,1570,40000,1040,200,120,280,15000,0,0,0,0,0,0,0,0,'111110001928','Dena Bank','MED/GUJ/26423','','ABIPB6551G','E-2/6 PRO BUNGL','','37400-67000','12000-16500'),(156,12170301,4,'VIJAY B. SHAH','Opthalmology','Professor','2017-03-01','2017-03-31','Pay Bill','',58000,10000,0,0,17000,0,106250,240,17000,300,100,1600,0,0,0,0,0,0,4950,40000,0,200,120,280,9000,0,0,0,0,0,0,0,0,'111110001812','Dena Bank','MED/GUJ/26508','','AEDPS2481L','','','37400-67000','16400-22400'),(156,12170401,4,'VIJAY B. SHAH','Opthalmology','Professor','2017-04-01','2017-03-31','Pay Bill','',58000,10000,0,0,17000,0,106250,240,17000,300,100,1600,0,0,0,0,0,0,4950,40000,0,200,120,280,9000,0,0,0,0,0,0,0,0,'111110001812','Dena Bank','MED/GUJ/26508','','AEDPS2481L','','','37400-67000','16400-22400'),(157,12170301,3,'VIPUL CHAUDHARI','Community Medicine','Assistant Professor','2017-03-01','2017-03-31','Pay Bill','',25840,8000,0,0,8460,0,52875,240,0,300,100,0,0,0,0,0,0,0,0,10000,0,200,120,280,7000,0,0,0,0,0,0,0,0,'111110002535','Dena Bank','MED/GUJ/40420','','AEBPC7859L','D-1/2,A.P.QURT.','','15600-39100','10000-15200'),(157,12170401,3,'VIPUL CHAUDHARI','Community Medicine','Assistant Professor','2017-04-01','2017-03-31','Pay Bill','',25840,8000,0,0,8460,0,52875,240,0,300,100,0,0,0,0,0,0,0,0,10000,0,200,120,280,7000,0,0,0,0,0,0,0,0,'111110002535','Dena Bank','MED/GUJ/40420','','AEBPC7859L','D-1/2,A.P.QURT.','','15600-39100','10000-15200'),(158,12170301,4,'VIPUL D. PATEL','Anatomy','Associate Professor','2017-03-01','2017-03-31','Pay Bill','',43250,9000,0,0,13063,0,81641,240,13063,300,100,1600,0,0,0,0,0,0,0,30000,0,200,120,280,25000,0,0,0,0,0,0,0,0,'0','Dena Bank','MED/GUJ/12490','','AESPP1672F','','','37400-67000','12000-16500'),(158,12170401,4,'VIPUL D. PATEL','Anatomy','Associate Professor','2017-04-01','2017-03-31','Pay Bill','',43250,9000,0,0,13063,0,81641,240,13063,300,100,1600,0,0,0,0,0,0,0,30000,0,200,120,280,25000,0,0,0,0,0,0,0,0,'0','Dena Bank','MED/GUJ/12490','','AESPP1672F','','','37400-67000','12000-16500'),(159,12170301,9,'YOGESH U. PATEL','Skin and VD','Assistant Professor','2017-03-01','2017-03-31','Pay Bill','',24690,7000,0,0,7923,0,49516,240,7923,300,100,1600,0,0,0,0,0,0,0,8000,0,200,120,280,7130,0,0,0,0,0,0,0,0,'111110004445','Dena Bank','2009140757400001','','ATXPP1197M','','','15600-39100','10000-15200'),(159,12170401,9,'YOGESH U. PATEL','Skin and VD','Assistant Professor','2017-04-01','2017-03-31','Pay Bill','',24690,7000,0,0,7923,0,49516,240,7923,300,100,1600,0,0,0,0,0,0,0,8000,0,200,120,280,0,0,7130,0,0,0,0,0,0,'111110004445','Dena Bank','2009140757400001','','ATXPP1197M','','','15600-39100','10000-15200'),(160,12170301,101,'KUM. AMI D. PATHAK','Psychiatry','Clinical Psychiatrist','2017-03-01','2017-03-31','Pay Bill','',44900,0,0,0,0,0,0,240,3428,0,0,800,0,0,0,0,0,0,0,2500,0,200,60,140,0,0,0,0,0,0,0,0,0,'111110034769','Dena Bank','','','AKNPP8524D','','','44900-142400','6500-10500'),(160,12170401,101,'KUM. AMI D. PATHAK','Psychiatry','Clinical Psychiatrist','2017-04-01','2017-03-31','Pay Bill','',44900,0,0,0,0,0,0,240,3428,0,0,800,0,0,0,0,0,0,0,2500,0,200,60,140,0,0,0,0,0,0,0,0,0,'111110034769','Dena Bank','','','AKNPP8524D','','','12540 + 4600','44900-1424006500-10500'),(161,12170401,9,'Hemangi Patel','Radiology','Assistant Professor','2017-04-01','2017-04-30','','APRIL 2017',40240,9000,0,0,12310,0,76938,240,12310,300,100,1600,0,0,0,0,0,0,0,19000,0,200,120,280,0,0,0,0,0,0,0,0,0,'449010100093365','AXIX BANK','','2015140745100204','AVVPB8701B','','2210','',''),(162,12170401,11,'Ashish Vijaykumar','IHBT','Assistant Professor','2017-04-01','2017-04-30','Pay Bill','APRIL 2017',44820,9000,0,0,13455,0,84094,240,13455,300,100,1600,0,0,0,0,0,0,0,31000,0,200,120,280,20000,0,0,0,0,0,0,0,0,'449010100034432','AXIS BANK','MED/GUJ/37418','','AEYPD0873Q','','2210','',''),(163,12170401,11,'Viral Dipakkumar Shah','Biochemistry','Assistant Professor','2017-04-01','2017-04-30','Pay Bill','APRIL 2017',44820,9000,0,0,13455,0,84094,240,13455,300,100,1600,0,0,0,0,0,0,0,31000,0,200,120,280,0,0,0,0,0,0,0,0,0,'449010100057169','AXIS BANK','','','ANIPS7015A','','2210','',''),(164,12170401,11,'Rishikumar S Mathur','Opthalmology','Associate Professor','2017-04-01','2017-04-30','Pay Bill','APRIL 2017',108800,0,0,0,9300,0,0,240,0,300,100,1600,0,0,0,0,0,0,0,15000,300,200,120,280,11000,0,0,0,0,0,0,0,0,'','','MED/GUJ/37712','','AKHPM0021C','A-2 PROF QUART','2210','',''),(166,12170401,101,'Maheshbhai M Chaudhari','','','2017-04-01','2017-04-30','Pay Bill','APRIL 2017',56900,0,0,0,0,0,0,240,0,300,0,0,0,0,0,0,100,0,0,1000,300,200,60,140,10000,0,0,0,0,0,0,0,0,'','DENA BANK','MED/GUJ/22676','','AAXPC5792L','C-14 C TYPE QUARTER','2210','17430 + 4600','44900-142400'),(167,12170401,101,'Kaushikbhai B Naik','','','2017-04-01','2017-04-30','Pay Bill','APRIL 2017',55200,0,0,0,0,0,0,240,4232,300,0,800,0,0,0,0,0,0,0,0,0,200,60,140,15000,0,0,0,0,0,0,0,0,'','DENA BANK','MED/GUJ/26092','','AKNPP8524D','','2210','16560 + 4600','44900-142400'),(168,12170401,9,'Praveen sharma','Paediatrics','Associate Professor','0000-00-00','0000-00-00','','APRIL 2017',44820,9000,0,0,13455,0,84094,240,0,300,100,0,0,0,0,0,0,0,0,25000,0,200,120,280,0,0,12110,0,0,0,0,0,0,'111110005343','DENA BANK','','2010140746600023','AZYPS9779B','B-21,A.P.QURTS','2210','',''),(169,12170401,0,'ALOK N PAREKH','Biochemistry','Assistant Professor','0000-00-00','0000-00-00','','',0,0,0,0,0,0,0,0,0,0,0,0,0,0,0,0,0,0,0,0,0,0,0,0,0,0,0,0,0,0,0,0,0,'111110028844','DENA BANK','','','AOFPP2119G','','2210','',''),(170,12170401,0,'AMISHA GHIWALA','Obstetrics and Gynecology','Assistant Professor','0000-00-00','0000-00-00','','',0,0,0,0,0,0,0,0,0,0,0,0,0,0,0,0,0,0,0,0,0,0,0,0,0,0,0,0,0,0,0,0,0,'111110004443','DENA BANK','','2011140746600008','ANCPG3520G','','2210','',''),(171,12170401,0,'AMIT L GAMIT','Medicine','Assistant Professor','0000-00-00','0000-00-00','','',0,0,0,0,0,0,0,0,0,0,0,0,0,0,0,0,0,0,0,0,0,0,0,0,0,0,0,0,0,0,0,0,0,'111110024884','DENA BANK','','','ARBPG8261F','','2210','',''),(172,12170401,0,'ANJU SHARMA','Radiology','Associate Professor','0000-00-00','0000-00-00','','',0,0,0,0,0,0,0,0,0,0,0,0,0,0,0,0,0,0,0,0,0,0,0,0,0,0,0,0,0,0,0,0,0,'111110005514','DENA BANK','','2009140746600007','BIVPS4418Q','B-21,A.P.QURTS','2210','',''),(173,12170401,11,'ANKIT RATHWA','','','0000-00-00','0000-00-00','','',19370,7000,0,0,6593,0,41204,240,6593,300,100,1600,0,0,0,0,0,0,0,7000,0,200,0,0,0,0,0,0,0,0,0,0,0,'111110032661','DENA BANK','','','AQMPR7698P','','2210','',''),(174,12170401,0,'ANKITA C PATEL','Medicine','Assistant Professor','0000-00-00','0000-00-00','','',0,0,0,0,0,0,0,0,0,0,0,0,0,0,0,0,0,0,0,0,0,0,0,0,0,0,0,0,0,0,0,0,0,'111110025728','DENA BANK','','','CVUPP2494J','','','',''),(175,12170401,0,'ANKUR N PATEL','','Assistant Professor','0000-00-00','0000-00-00','','',0,0,0,0,0,0,0,0,0,0,0,0,0,0,0,0,0,0,0,0,0,0,0,0,0,0,0,0,0,0,0,0,0,'111110004941','','','','AXBPP8326L','','','',''),(176,12170401,0,'ARCHANA P GUPTA','Biochemistry','','0000-00-00','0000-00-00','','',0,0,0,0,0,0,0,0,0,0,0,0,0,0,0,0,0,0,0,0,0,0,0,0,0,0,0,0,0,0,0,0,0,'111110002298','DENA BANK','MED/GUJ/26650','','ABKPG0744N','','','',''),(177,12170401,0,'ARVINDKUMAR SHARMA','Medicine','Assistant Professor','0000-00-00','0000-00-00','','',0,0,0,0,0,0,0,0,0,0,0,0,0,0,0,0,0,0,0,0,0,0,0,0,0,0,0,0,0,0,0,0,0,'111110026246','DENA BANK','','','APSPS2275Q','','2210','',''),(178,12170401,0,'ASHVIN VASAVA','Medicine','Associate Professor','0000-00-00','0000-00-00','','',0,0,0,0,0,0,0,0,0,0,0,0,0,0,0,0,0,0,0,0,0,0,0,0,0,0,0,0,0,0,0,0,0,'111110002637','DENA BANK','','2009140746600005','AENPV5053R','B-11,A.P.QURTS','2210','',''),(179,12170401,0,'B K BAKSHI','','','0000-00-00','0000-00-00','','',0,0,0,0,0,0,0,0,0,0,0,0,0,0,0,0,0,0,0,0,0,0,0,0,0,0,0,0,0,0,0,0,0,'111110001848','DENA BANK','MED/GUJ/26551','','ABNPB4527B','','2210','',''),(180,12170401,0,'BANSARI KANTHARIA','','','0000-00-00','0000-00-00','','',0,0,0,0,0,0,0,0,0,0,0,0,0,0,0,0,0,0,0,0,0,0,0,0,0,0,0,0,0,0,0,0,0,'111110002341','DENA BANK','MED/GUJ/26638','','ABPPG8500P','','2210','',''),(181,12170401,0,'CHANDNI PATEL','','','0000-00-00','0000-00-00','','',0,0,0,0,0,0,0,0,0,0,0,0,0,0,0,0,0,0,0,0,0,0,0,0,0,0,0,0,0,0,0,0,0,'111110023929','DENA BANK','','','CFEPP5592K','C7 SHRI RAM BL.','2210','',''),(182,12170401,0,'DARSHANA DAVE','Dentistry','Associate Professor','0000-00-00','0000-00-00','','',0,0,0,0,0,0,0,0,0,0,0,0,0,0,0,0,0,0,0,0,0,0,0,0,0,0,0,0,0,0,0,0,0,'111110024776','DENA BANK','','','BJDPS5127D','','2210','',''),(183,12170401,0,'DIPAL JETHWA','','','0000-00-00','0000-00-00','','',0,0,0,0,0,0,0,0,0,0,0,0,0,0,0,0,0,0,0,0,0,0,0,0,0,0,0,0,0,0,0,0,0,'111110005824','DENA BANK','','2015140746600041','ANHPC8069P','','','',''),(184,12170401,11,'DIVYANG N DAVE','','Associate Professor','0000-00-00','0000-00-00','Pay Bill','APRIL 2017',57020,9000,0,0,16505,0,103156,240,16505,300,100,1600,0,0,0,0,0,0,0,43000,0,200,120,280,20000,0,0,0,0,0,0,0,0,'111110003009','DENA BANK','MED/GUJ/36721','','ABQPD3691M','','2210','37400-67000',''),(185,12170401,11,'FALGUNI PATEL','Obstetrics and Gynecology','Assistant Professor','0000-00-00','0000-00-00','','',22700,7000,0,0,7425,0,46406,240,0,300,100,0,0,0,0,0,0,0,0,9000,400,200,120,280,0,0,0,0,0,0,0,0,0,'111110024998','DENA BANK','','','ANUPP5751C','B-24 A.P.QURT','2210','',''),(186,12170401,0,'GUNVANT R PARMAR','','','0000-00-00','0000-00-00','','',0,0,0,0,0,0,0,0,0,0,0,0,0,0,0,0,0,0,0,0,0,0,0,0,0,0,0,0,0,0,0,0,0,'111110003109','','MED/GUJ/26701','','ADVPP8208K','A-10 PROF.QURTS','','',''),(187,12170401,0,'HARSHA R PATEL','','','0000-00-00','0000-00-00','','',0,0,0,0,0,0,0,0,0,0,0,0,0,0,0,0,0,0,0,0,0,0,0,0,0,0,0,0,0,0,0,0,0,'111110003888','','MED/GUJ/36036','','ACSPP5573D','','','',''),(188,12170401,0,'HEMANGINI B CHAUDHARI','','','0000-00-00','0000-00-00','','',0,0,0,0,0,0,0,0,0,0,0,0,0,0,0,0,0,0,0,0,0,0,0,0,0,0,0,0,0,0,0,0,0,'028810024920','','','','ASMPC7873R','B-22 A.P.QUARTR','','',''),(189,12170401,0,'HINAL BHAGAT','','','0000-00-00','0000-00-00','','',0,0,0,0,0,0,0,0,0,0,0,0,0,0,0,0,0,0,0,0,0,0,0,0,0,0,0,0,0,0,0,0,0,'111110004606','','','','AEFPB5145N','','','',''),(190,12170401,9,'JIGNASA J PATEL','Anesthesiology','Assistant Professor','0000-00-00','0000-00-00','Arrears Bill','APRIL 2017',22700,7000,0,0,7425,0,46406,240,7425,300,100,1600,0,0,0,0,0,0,0,9000,0,200,120,280,0,0,6683,0,0,0,0,0,0,'111110025674','DENA BANK','','2016140746600022','AGOPP6172A','','2210','15600-39100',''),(191,12170401,0,'KN BHATT','','','0000-00-00','0000-00-00','','',0,0,0,0,0,0,0,0,0,0,0,0,0,0,0,0,0,0,0,0,0,0,0,0,0,0,0,0,0,0,0,0,0,'111110001306','','MED/GUJ/26587','','ABLPB3010D','E2/4, PROF. BU','2210','',''),(192,12170401,0,'KALPESH VADODARIYA','','','0000-00-00','0000-00-00','','',0,0,0,0,0,0,0,0,0,0,0,0,0,0,0,0,0,0,0,0,0,0,0,0,0,0,0,0,0,0,0,0,0,'111110032613','','','','AJNPV1702A','','','',''),(193,12170401,0,'KIRTI P MEHTA','','','0000-00-00','0000-00-00','','',0,0,0,0,0,0,0,0,0,0,0,0,0,0,0,0,0,0,0,0,0,0,0,0,0,0,0,0,0,0,0,0,0,'111110005273','','','2009140746600010','AMMPM9963A','B-8, A.P.QURTS','','',''),(194,12170401,0,'M Z PATEL','','','0000-00-00','0000-00-00','','',0,0,0,0,0,0,0,0,0,0,0,0,0,0,0,0,0,0,0,0,0,0,0,0,0,0,0,0,0,0,0,0,0,'111110001942','','MED/GUJ/08910','','ABYPP4251D','E-2/10,PROF.BUN','','',''),(195,12170401,0,'MAHESH G SOLU','','','0000-00-00','0000-00-00','','',0,0,0,0,0,0,0,0,0,0,0,0,0,0,0,0,0,0,0,0,0,0,0,0,0,0,0,0,0,0,0,0,0,'111110002081','','MED/GUJ/26524','','AELPS2057L','','','',''),(196,12170401,0,'MANISH SHARMA','','','0000-00-00','0000-00-00','','',0,0,0,0,0,0,0,0,0,0,0,0,0,0,0,0,0,0,0,0,0,0,0,0,0,0,0,0,0,0,0,0,0,'111110002755','','','2012140746600002','AVKPS8890B','','','',''),(197,12170401,0,'MANISHA B RATHOD','','','0000-00-00','0000-00-00','','',0,0,0,0,0,0,0,0,0,0,0,0,0,0,0,0,0,0,0,0,0,0,0,0,0,0,0,0,0,0,0,0,0,'111110024264','','','2011140746600015','APDPB2194L','','','',''),(198,12170401,0,'MITUL K BHUT','','','0000-00-00','0000-00-00','','',0,0,0,0,0,0,0,0,0,0,0,0,0,0,0,0,0,0,0,0,0,0,0,0,0,0,0,0,0,0,0,0,0,'111110027177','','','','AKSPB6175B','','','',''),(200,12170401,0,'MUKESH M SUMRA','','','0000-00-00','0000-00-00','','',0,0,0,0,0,0,0,0,0,0,0,0,0,0,0,0,0,0,0,0,0,0,0,0,0,0,0,0,0,0,0,0,0,'111110024192','','','','CHBPS0021H','B-7 A.P.QUARTER','','',''),(201,12170401,0,'ND KANTHARIA','','','0000-00-00','0000-00-00','','',0,0,0,0,0,0,0,0,0,0,0,0,0,0,0,0,0,0,0,0,0,0,0,0,0,0,0,0,0,0,0,0,0,'111110003017','','MED/GUJ/26465','','ACFPK2312Q','','','',''),(202,12170401,0,'NEETA A KAWISHWAR','','','0000-00-00','0000-00-00','','',0,0,0,0,0,0,0,0,0,0,0,0,0,0,0,0,0,0,0,0,0,0,0,0,0,0,0,0,0,0,0,0,0,'111110002484','','MED/GUJ/31259','','ABDPC7826Q','','','',''),(203,12170401,0,'NRUPAL C PATEL','','','0000-00-00','0000-00-00','','',0,0,0,0,0,0,0,0,0,0,0,0,0,0,0,0,0,0,0,0,0,0,0,0,0,0,0,0,0,0,0,0,0,'111110032391','','','','','D-1/6,A.P.QURT','','',''),(204,12170401,0,'PALLAVI A CHAUDHARI','','','0000-00-00','0000-00-00','','',0,0,0,0,0,0,0,0,0,0,0,0,0,0,0,0,0,0,0,0,0,0,0,0,0,0,0,0,0,0,0,0,0,'111110032192','','','','BBTPC2397F','','','',''),(205,12170401,0,'PARESH V CHANDEGARA','','','0000-00-00','0000-00-00','','',0,0,0,0,0,0,0,0,0,0,0,0,0,0,0,0,0,0,0,0,0,0,0,0,0,0,0,0,0,0,0,0,0,'111110005807','','','','AKGPC5188D','','','',''),(206,12170401,0,'PARUL VADGAMA','','','0000-00-00','0000-00-00','','',0,0,0,0,0,0,0,0,0,0,0,0,0,0,0,0,0,0,0,0,0,0,0,0,0,0,0,0,0,0,0,0,0,'111110032604','','','','AEOPV4619J','','','',''),(207,12170401,0,'PINAKINI SOLANKI','','','0000-00-00','0000-00-00','','',0,0,0,0,0,0,0,0,0,0,0,0,0,0,0,0,0,0,0,0,0,0,0,0,0,0,0,0,0,0,0,0,0,'111110002886','','','2011140746600014','AFVPT7703H','','','',''),(208,12170401,0,'PRASHANT V KARIYA','','','0000-00-00','0000-00-00','','',0,0,0,0,0,0,0,0,0,0,0,0,0,0,0,0,0,0,0,0,0,0,0,0,0,0,0,0,0,0,0,0,0,'111110025185','','','','ARAPK9282H','','','',''),(210,12170401,0,'PRIYESH H PATEL','','','0000-00-00','0000-00-00','','',0,0,0,0,0,0,0,0,0,0,0,0,0,0,0,0,0,0,0,0,0,0,0,0,0,0,0,0,0,0,0,0,0,'111110034797','','','','CESPP0408M','','','',''),(211,12170401,0,'RAGINI VERMA','','','0000-00-00','0000-00-00','','',0,0,0,0,0,0,0,0,0,0,0,0,0,0,0,0,0,0,0,0,0,0,0,0,0,0,0,0,0,0,0,0,0,'111110003290','','MED/GUJ/36765','','AASPV3540J','E-2,BUNG.NO.12','','',''),(212,12170401,0,'SANJEEV RAO','','','0000-00-00','0000-00-00','','',0,0,0,0,0,0,0,0,0,0,0,0,0,0,0,0,0,0,0,0,0,0,0,0,0,0,0,0,0,0,0,0,0,'','','','2010140746600008','AERPR9521G','','','',''),(213,12170401,0,'SHAILESH M PATEL','','','0000-00-00','0000-00-00','','',0,0,0,0,0,0,0,0,0,0,0,0,0,0,0,0,0,0,0,0,0,0,0,0,0,0,0,0,0,0,0,0,0,'11110005730','','MED/GUJ/31187','','ADIPP5097R','E2/1 PROF.BUNG.','','',''),(214,12170401,0,'SONAM K PARIKH','','','0000-00-00','0000-00-00','','',0,0,0,0,0,0,0,0,0,0,0,0,0,0,0,0,0,0,0,0,0,0,0,0,0,0,0,0,0,0,0,0,0,'','','','','AEXPL1988B','','','',''),(215,12170401,0,'STUTI A JHALA','','','0000-00-00','0000-00-00','','',0,0,0,0,0,0,0,0,0,0,0,0,0,0,0,0,0,0,0,0,0,0,0,0,0,0,0,0,0,0,0,0,0,'111110025679','','','','AQVPJ4925E','','','',''),(216,12170401,0,'SUMAIYA MULLAH','','','0000-00-00','0000-00-00','','',0,0,0,0,0,0,0,0,0,0,0,0,0,0,0,0,0,0,0,0,0,0,0,0,0,0,0,0,0,0,0,0,0,'111110003024','','MED/GUJ/31184','','ABTPM4892N','','','',''),(217,12170401,11,'TEJAS B PATEL','','Assistant Professor','0000-00-00','0000-00-00','Pay Bill','APRIL 2017',18600,7000,0,0,6400,0,40000,240,6400,0,100,1600,0,0,0,0,0,0,0,6000,0,200,0,0,0,0,0,0,0,0,0,0,0,'111110034412','DENA BANK','','','DDUPP2632B','','2210','15600-39100',''),(218,12170401,0,'TINKAL PATEL','','','0000-00-00','0000-00-00','','',0,0,0,0,0,0,0,0,0,0,0,0,0,0,0,0,0,0,0,0,0,0,0,0,0,0,0,0,0,0,0,0,0,'111110002841','','','2010140746600025','AOVPP8891F','','','',''),(219,12170401,0,'VIVEK R GARG','','','0000-00-00','0000-00-00','','',0,0,0,0,0,0,0,0,0,0,0,0,0,0,0,0,0,0,0,0,0,0,0,0,0,0,0,0,0,0,0,0,0,'111110005335','','','','BASPG9056P','E5 PROF QUARTER','','','');
/*!40000 ALTER TABLE `salary` ENABLE KEYS */;
UNLOCK TABLES;

--
-- Table structure for table `salary_head`
--

DROP TABLE IF EXISTS `salary_head`;
/*!40101 SET @saved_cs_client     = @@character_set_client */;
/*!40101 SET character_set_client = utf8 */;
CREATE TABLE `salary_head` (
  `edp` varchar(20) NOT NULL,
  `ooe` varchar(100) NOT NULL,
  `bc` varchar(20) NOT NULL,
  PRIMARY KEY (`edp`)
) ENGINE=InnoDB DEFAULT CHARSET=latin1;
/*!40101 SET character_set_client = @saved_cs_client */;

--
-- Dumping data for table `salary_head`
--

LOCK TABLES `salary_head` WRITE;
/*!40000 ALTER TABLE `salary_head` DISABLE KEYS */;
INSERT INTO `salary_head` VALUES ('0101(+)','Pay of Officers','0101'),('0102(+)','Pay of Establishment','0102'),('0103(+)','Dearness Allow.','0103'),('9510(-)','Income Tax','');
/*!40000 ALTER TABLE `salary_head` ENABLE KEYS */;
UNLOCK TABLES;

--
-- Table structure for table `salary_old`
--

DROP TABLE IF EXISTS `salary_old`;
/*!40101 SET @saved_cs_client     = @@character_set_client */;
/*!40101 SET character_set_client = utf8 */;
CREATE TABLE `salary_old` (
  `staff_id` bigint(20) NOT NULL,
  `bill_number` int(11) NOT NULL,
  `fullname` varchar(300) NOT NULL,
  `department` varchar(200) NOT NULL,
  `_post` varchar(100) NOT NULL,
  `remark` varchar(100) NOT NULL,
  `pbasic_pay` float NOT NULL,
  `pgrade_pay` float NOT NULL,
  `pnppa` float NOT NULL,
  `pda` float NOT NULL,
  `pcla` float NOT NULL,
  `phra` float NOT NULL,
  `pma` float NOT NULL,
  `pba` float NOT NULL,
  `pta` float NOT NULL,
  `pinterim_relief` double NOT NULL,
  `pwa` double NOT NULL,
  `pua` double NOT NULL,
  `pmess_a` double NOT NULL,
  `pspecial1` float NOT NULL,
  `pspecial2` float NOT NULL,
  `pspecial3` float NOT NULL,
  `pspecial4` float NOT NULL,
  `mitax` float NOT NULL,
  `mhouse_rent` float NOT NULL,
  `mptax` float NOT NULL,
  `msis1` float NOT NULL,
  `msis2` float NOT NULL,
  `mgpf` float NOT NULL,
  `mcpf` float NOT NULL,
  `mgpf_advance` float NOT NULL,
  `madvance1` float NOT NULL,
  `madvance2` float NOT NULL,
  `madvance3` float NOT NULL,
  `madvance4` float NOT NULL,
  `mdeduction1` float NOT NULL,
  `mdeduction2` float NOT NULL,
  `mdeduction3` float NOT NULL,
  `mdeduction4` float NOT NULL,
  `bank_acc_number` varchar(50) NOT NULL,
  `bank` varchar(100) NOT NULL,
  `gpf_acc` varchar(50) NOT NULL,
  `cpf_acc` varchar(100) NOT NULL,
  `basic_catagory` varchar(20) NOT NULL,
  `_pan` varchar(20) NOT NULL,
  `quarter` varchar(20) NOT NULL,
  `budget_head` varchar(100) NOT NULL,
  PRIMARY KEY (`staff_id`,`bill_number`)
) ENGINE=InnoDB DEFAULT CHARSET=latin1;
/*!40101 SET character_set_client = @saved_cs_client */;

--
-- Dumping data for table `salary_old`
--

LOCK TABLES `salary_old` WRITE;
/*!40000 ALTER TABLE `salary_old` DISABLE KEYS */;
INSERT INTO `salary_old` VALUES (1,1,'ALKA UDAYANIYA','Anatomy','Professor','',37000,45,0,0,200,9,0,0,0,0,0,0,0,0,0,0,0,0,1200,0,0,0,0,0,0,345,0,0,0,0,0,0,0,'111110003687','Dena Bank','MED/GUJ/37969','','','','',''),(1,2,'ALKA UDAYANIYA','Anatomy','Professor','',44444,444,0,0,0,0,0,0,0,0,0,0,0,0,0,0,0,0,0,0,0,0,0,0,0,0,0,5555,0,0,0,0,0,'111110003687','Dena Bank','MED/GUJ/37969','','','','',''),(1,4,'ALKA UDAYANIYA','Anatomy','Professor','',0,0,0,0,0,0,0,0,0,0,0,0,0,0,0,0,0,0,0,0,0,0,0,0,0,0,0,0,0,0,0,0,0,'111110003687','Dena Bank','MED/GUJ/37969','','','','',''),(1,5,'ALKA UDAYANIYA','Anatomy','Professor','',0,0,0,0,0,0,0,0,0,0,0,0,0,0,0,0,0,0,0,0,0,0,0,0,0,0,0,0,0,0,0,0,0,'111110003687','Dena Bank','MED/GUJ/37969','','','','',''),(1,12,'ALKA UDAYANIYA','Anatomy','Professor','',0,0,0,0,0,0,0,0,0,0,0,0,0,0,0,0,0,0,0,0,0,0,0,0,0,0,0,0,0,0,0,0,0,'111110003687','Dena Bank','MED/GUJ/37969','','','','',''),(1,32,'ALKA UDAYANIYA','Anatomy','Professor','',45666,0,0,0,0,0,0,0,0,0,0,0,0,0,0,0,0,0,0,0,0,0,0,0,0,0,0,0,0,345,0,0,0,'111110003687','Dena Bank','MED/GUJ/37969','','','','',''),(1,34,'ALKA UDAYANIYA','Anatomy','Professor','',0,0,0,0,0,0,0,0,0,0,0,0,0,0,0,0,0,0,0,0,0,0,0,0,0,0,0,0,0,0,0,0,0,'111110003687','Dena Bank','MED/GUJ/37969','','','','',''),(1,43,'ALKA UDAYANIYA','Anatomy','Professor','',34000,0,0,0,0,0,0,0,0,0,0,0,0,0,0,0,0,0,0,0,0,0,0,0,0,0,0,0,0,0,0,0,0,'111110003687','Dena Bank','MED/GUJ/37969','','','','',''),(1,46,'ALKA UDAYANIYA','Anatomy','Professor','',0,0,0,0,0,0,0,0,0,0,0,0,0,0,0,0,0,0,0,0,0,0,0,0,0,0,0,0,0,0,0,0,0,'111110003687','Dena Bank','MED/GUJ/37969','','','','',''),(1,67,'ALKA UDAYANIYA','Anatomy','Professor','',34,0,0,0,0,0,0,0,0,0,0,0,0,0,0,0,0,0,0,0,0,0,0,0,0,0,0,0,0,0,0,0,0,'111110003687','Dena Bank','MED/GUJ/37969','','','','',''),(1,101,'ALKA UDAYANIYA','Anatomy','Professor','',23022,334,444,0,0,0,0,0,0,0,0,0,0,0,0,0,0,345,0,0,0,0,0,0,0,0,0,0,0,0,0,0,0,'111110003687','Dena Bank','MED/GUJ/37969','','','XYZAA','A/24',''),(1,666,'ALKA UDAYANIYA','Opthalmology','Professor','salary of Feb 2017',5340,10000,15863,99101,240,0,300,100,0,0,0,0,0,0,0,0,0,35500,600,200,120,280,50000,0,0,0,0,0,0,0,0,0,0,'111110003687','Dena Bank','MED/GUJ/37969','','','','','salary'),(1,777,'ALKA UDAYANIYA','Opthalmology','Professor','salary of Feb 2017',5340,10000,15863,99101,240,0,300,100,0,0,0,0,0,0,0,0,0,35500,600,200,120,280,50000,0,0,0,0,0,0,0,0,0,0,'111110003687','Dena Bank','MED/GUJ/37969','','','','','salary'),(1,888,'ALKA UDAYANIYA','Opthalmology','Professor','salary of Feb 2017',5340,10000,15863,99101,240,0,300,100,0,0,0,0,0,0,0,0,0,35500,600,200,120,280,50000,0,0,0,0,0,0,0,0,0,0,'111110003687','Dena Bank','MED/GUJ/37969','','','','','salary'),(1,999,'ALKA UDAYANIYA','Opthalmology','Professor','salary of Feb 2017',5340,10000,15863,99101,240,0,300,100,0,0,0,0,0,0,0,0,0,35500,600,200,120,280,50000,0,0,0,0,0,0,0,0,0,0,'111110003687','Dena Bank','MED/GUJ/37969','','','','','salary'),(1,1501,'ALKA UDAYANIYA','Anatomy','Professor','',34000,0,0,0,0,0,0,0,0,0,0,0,0,0,0,0,0,3400,0,0,0,0,0,0,0,0,0,0,0,0,0,0,0,'111110003687','Dena Bank','MED/GUJ/37969','','','','',''),(1,1502,'ALKA UDAYANIYA','Anatomy','Professor','',34000,0,0,0,0,0,0,0,0,0,0,0,0,0,0,0,0,3400,0,0,0,0,0,0,0,0,0,0,0,0,0,0,0,'111110003687','Dena Bank','MED/GUJ/37969','','','','',''),(1,1503,'ALKA UDAYANIYA','Anatomy','Professor','',34000,0,0,0,0,0,0,0,0,0,0,0,0,0,0,0,0,3400,0,0,0,0,0,0,0,0,0,0,0,0,0,0,0,'111110003687','Dena Bank','MED/GUJ/37969','','','','',''),(1,1888,'ALKA UDAYANIYA','Opthalmology','Professor','salary of Feb 2017',5340,10000,15863,99101,240,0,300,100,0,0,0,0,0,0,0,0,0,35500,600,200,120,280,50000,0,0,0,0,0,0,0,0,0,0,'111110003687','Dena Bank','MED/GUJ/37969','','','','','salary'),(4,1,'ANAND V. CHAUDHARY','','','salary of Feb 2017',18600,7000,6400,40000,240,6400,300,100,1600,0,0,0,0,0,0,0,0,6000,0,200,120,280,0,0,0,0,0,0,0,0,0,0,0,'111110025106','Dena Bank','NOT ALLOTED','','','','','salary'),(5,888,'ANJANI SHRIVASTAVA','','','salary of Feb 2017',48110,9000,14278,89235,240,0,300,100,0,0,0,0,0,0,0,0,0,39000,600,200,0,0,0,0,0,0,0,0,0,0,0,0,0,'111110003050','Dena Bank','NOT ALLOTED','','','','','salary'),(5,999,'ANJANI SHRIVASTAVA','','','salary of Feb 2017',48110,9000,14278,89235,240,0,300,100,0,0,0,0,0,0,0,0,0,39000,600,200,0,0,0,0,0,0,0,0,0,0,0,0,0,'111110003050','Dena Bank','NOT ALLOTED','','','','','salary'),(5,1888,'ANJANI SHRIVASTAVA','','','salary of Feb 2017',48110,9000,14278,89235,240,0,300,100,0,0,0,0,0,0,0,0,0,39000,600,200,0,0,0,0,0,0,0,0,0,0,0,0,0,'111110003050','Dena Bank','NOT ALLOTED','','','','','salary'),(6,888,'B. DIVAKAR','','','salary of Feb 2017',20170,7000,6793,42454,240,0,300,100,0,0,0,0,0,0,0,0,0,0,0,200,120,280,0,0,0,0,0,0,0,0,0,0,0,'111110005458','Dena Bank','','','','','','salary'),(6,999,'B. DIVAKAR','','','salary of Feb 2017',20170,7000,6793,42454,240,0,300,100,0,0,0,0,0,0,0,0,0,0,0,200,120,280,0,0,0,0,0,0,0,0,0,0,0,'111110005458','Dena Bank','','','','','','salary'),(6,1888,'B. DIVAKAR','','','salary of Feb 2017',20170,7000,6793,42454,240,0,300,100,0,0,0,0,0,0,0,0,0,0,0,200,120,280,0,0,0,0,0,0,0,0,0,0,0,'111110005458','Dena Bank','','','','','','salary'),(7,888,'B.M. JHA','','','salary of Feb 2017',59000,9000,17000,106250,240,17000,300,100,1600,0,0,0,0,0,0,0,0,57000,0,200,120,280,25000,0,0,0,0,0,0,0,0,0,0,'111110001993','Dena Bank','MED/GUJ/26424','','','','','salary'),(7,999,'B.M. JHA','','','salary of Feb 2017',59000,9000,17000,106250,240,17000,300,100,1600,0,0,0,0,0,0,0,0,57000,0,200,120,280,25000,0,0,0,0,0,0,0,0,0,0,'111110001993','Dena Bank','MED/GUJ/26424','','','','','salary'),(7,1888,'B.M. JHA','','','salary of Feb 2017',59000,9000,17000,106250,240,17000,300,100,1600,0,0,0,0,0,0,0,0,57000,0,200,120,280,25000,0,0,0,0,0,0,0,0,0,0,'111110001993','Dena Bank','MED/GUJ/26424','','','','','salary'),(8,22,'BHARATI V. UMARVANSHI','','','salary of Feb 2017',51600,9000,15150,94688,240,0,300,100,0,0,0,0,0,0,0,0,0,67500,600,200,120,280,50000,0,0,0,0,0,0,0,0,0,0,'111110002377','Dena Bank','MED/GUJ/26613','','','','','salary'),(8,888,'BHARATI V. UMARVANSHI','','','salary of Feb 2017',51600,9000,15150,94688,240,0,300,100,0,0,0,0,0,0,0,0,0,67500,600,200,120,280,50000,0,0,0,0,0,0,0,0,0,0,'111110002377','Dena Bank','MED/GUJ/26613','','','','','salary'),(8,999,'BHARATI V. UMARVANSHI','','','salary of Feb 2017',51600,9000,15150,94688,240,0,300,100,0,0,0,0,0,0,0,0,0,67500,600,200,120,280,50000,0,0,0,0,0,0,0,0,0,0,'111110002377','Dena Bank','MED/GUJ/26613','','','','','salary'),(8,1888,'BHARATI V. UMARVANSHI','','','salary of Feb 2017',51600,9000,15150,94688,240,0,300,100,0,0,0,0,0,0,0,0,0,67500,600,200,120,280,50000,0,0,0,0,0,0,0,0,0,0,'111110002377','Dena Bank','MED/GUJ/26613','','','','','salary'),(10,22,'BINA B. VAIDYA','','','salary of Feb 2017',56890,9000,16473,102954,240,0,300,100,0,0,0,0,0,0,0,0,0,58000,600,200,120,280,9000,0,0,0,0,0,0,0,0,0,0,'111110001983','Dena Bank','MED/GUJ/36762','','','','','salary'),(10,103,'BINA B. VAIDYA','','','salary of Feb 2017',56890,9000,16473,102954,240,0,300,100,0,0,0,0,0,0,0,0,0,58000,600,200,120,280,9000,0,0,0,0,0,0,0,0,0,0,'111110001983','Dena Bank','MED/GUJ/36762','','','','','salary'),(10,888,'BINA B. VAIDYA','','','salary of Feb 2017',56890,9000,16473,102954,240,0,300,100,0,0,0,0,0,0,0,0,0,58000,600,200,120,280,9000,0,0,0,0,0,0,0,0,0,0,'111110001983','Dena Bank','MED/GUJ/36762','','','','','salary'),(10,999,'BINA B. VAIDYA','','','salary of Feb 2017',56890,9000,16473,102954,240,0,300,100,0,0,0,0,0,0,0,0,0,58000,600,200,120,280,9000,0,0,0,0,0,0,0,0,0,0,'111110001983','Dena Bank','MED/GUJ/36762','','','','','salary'),(10,1888,'BINA B. VAIDYA','','','salary of Feb 2017',56890,9000,16473,102954,240,0,300,100,0,0,0,0,0,0,0,0,0,58000,600,200,120,280,9000,0,0,0,0,0,0,0,0,0,0,'111110001983','Dena Bank','MED/GUJ/36762','','','','','salary'),(10,170204,'BINA B. VAIDYA','','','salary of Feb 2017',56890,9000,16473,102954,240,0,300,100,0,0,0,0,0,0,0,0,0,58000,600,200,120,280,9000,0,0,0,0,0,0,0,0,0,0,'111110001983','Dena Bank','MED/GUJ/36762','','','','','salary'),(11,103,'BRIJESH V. PARMAR','','','salary of Feb 2017',37400,9000,11600,72500,240,11600,0,100,1600,0,0,0,0,0,0,0,0,4000,0,200,120,280,0,0,0,0,0,0,0,0,0,0,0,'111110023761','Dena Bank','NOT ALLOTED','','','','','salary'),(11,888,'BRIJESH V. PARMAR','','','salary of Feb 2017',37400,9000,11600,72500,240,11600,0,100,1600,0,0,0,0,0,0,0,0,4000,0,200,120,280,0,0,0,0,0,0,0,0,0,0,0,'111110023761','Dena Bank','NOT ALLOTED','','','','','salary'),(11,999,'BRIJESH V. PARMAR','','','salary of Feb 2017',37400,9000,11600,72500,240,11600,0,100,1600,0,0,0,0,0,0,0,0,4000,0,200,120,280,0,0,0,0,0,0,0,0,0,0,0,'111110023761','Dena Bank','NOT ALLOTED','','','','','salary'),(11,1888,'BRIJESH V. PARMAR','','','salary of Feb 2017',37400,9000,11600,72500,240,11600,0,100,1600,0,0,0,0,0,0,0,0,4000,0,200,120,280,0,0,0,0,0,0,0,0,0,0,0,'111110023761','Dena Bank','NOT ALLOTED','','','','','salary'),(11,170204,'BRIJESH V. PARMAR','','','salary of Feb 2017',37400,9000,11600,72500,240,11600,0,100,1600,0,0,0,0,0,0,0,0,4000,0,200,120,280,0,0,0,0,0,0,0,0,0,0,0,'111110023761','Dena Bank','NOT ALLOTED','','','','','salary'),(12,22,'CHETAN ACHARYA','','','salary of Feb 2017',53420,9000,15605,97531,240,15605,300,100,1600,0,0,0,0,0,0,0,0,43000,0,200,120,280,75000,0,0,0,0,0,0,0,0,0,0,'111110002900','Dena Bank','MED/GUJ/26627','','','','','salary'),(12,103,'CHETAN ACHARYA','','','salary of Feb 2017',53420,9000,15605,97531,240,15605,300,100,1600,0,0,0,0,0,0,0,0,43000,0,200,120,280,75000,0,0,0,0,0,0,0,0,0,0,'111110002900','Dena Bank','MED/GUJ/26627','','','','','salary'),(12,888,'CHETAN ACHARYA','','','salary of Feb 2017',53420,9000,15605,97531,240,15605,300,100,1600,0,0,0,0,0,0,0,0,43000,0,200,120,280,75000,0,0,0,0,0,0,0,0,0,0,'111110002900','Dena Bank','MED/GUJ/26627','','','','','salary'),(12,999,'CHETAN ACHARYA','','','salary of Feb 2017',53420,9000,15605,97531,240,15605,300,100,1600,0,0,0,0,0,0,0,0,43000,0,200,120,280,75000,0,0,0,0,0,0,0,0,0,0,'111110002900','Dena Bank','MED/GUJ/26627','','','','','salary'),(12,1888,'CHETAN ACHARYA','','','salary of Feb 2017',53420,9000,15605,97531,240,15605,300,100,1600,0,0,0,0,0,0,0,0,43000,0,200,120,280,75000,0,0,0,0,0,0,0,0,0,0,'111110002900','Dena Bank','MED/GUJ/26627','','','','','salary'),(12,170204,'CHETAN ACHARYA','','','salary of Feb 2017',53420,9000,15605,97531,240,15605,300,100,1600,0,0,0,0,0,0,0,0,43000,0,200,120,280,75000,0,0,0,0,0,0,0,0,0,0,'111110002900','Dena Bank','MED/GUJ/26627','','','','','salary'),(13,22,'D.M. PARMAR','','','salary of Feb 2017',56440,10000,16610,103813,240,0,300,100,0,0,0,0,0,0,0,0,0,0,0,200,120,280,15000,0,0,0,0,0,0,0,0,0,0,'111110002284','Dena Bank','MED/GUJ/26656','','','','','salary'),(13,888,'D.M. PARMAR','','','salary of Feb 2017',56440,10000,16610,103813,240,0,300,100,0,0,0,0,0,0,0,0,0,0,0,200,120,280,15000,0,0,0,0,0,0,0,0,0,0,'111110002284','Dena Bank','MED/GUJ/26656','','','','','salary'),(13,999,'D.M. PARMAR','','','salary of Feb 2017',56440,10000,16610,103813,240,0,300,100,0,0,0,0,0,0,0,0,0,0,0,200,120,280,15000,0,0,0,0,0,0,0,0,0,0,'111110002284','Dena Bank','MED/GUJ/26656','','','','','salary'),(13,1888,'D.M. PARMAR','','','salary of Feb 2017',56440,10000,16610,103813,240,0,300,100,0,0,0,0,0,0,0,0,0,0,0,200,120,280,15000,0,0,0,0,0,0,0,0,0,0,'111110002284','Dena Bank','MED/GUJ/26656','','','','','salary'),(13,170204,'D.M. PARMAR','','','salary of Feb 2017',56440,10000,16610,103813,240,0,300,100,0,0,0,0,0,0,0,0,0,0,0,200,120,280,15000,0,0,0,0,0,0,0,0,0,0,'111110002284','Dena Bank','MED/GUJ/26656','','','','','salary'),(15,22,'GANESH GOVEKAR','ENT','Professor','salary of Feb 2017',58000,10000,17000,106250,240,0,300,100,0,0,0,0,0,0,0,0,0,46000,0,200,120,280,9000,0,0,0,0,0,0,0,0,0,0,'111110023976','Dena Bank','MED/GUJ/35072','','','','','salary'),(15,888,'GANESH GOVEKAR','ENT','Professor','salary of Feb 2017',58000,10000,17000,106250,240,0,300,100,0,0,0,0,0,0,0,0,0,46000,0,200,120,280,9000,0,0,0,0,0,0,0,0,0,0,'111110023976','Dena Bank','MED/GUJ/35072','','','','','salary'),(15,999,'GANESH GOVEKAR','ENT','Professor','salary of Feb 2017',58000,10000,17000,106250,240,0,300,100,0,0,0,0,0,0,0,0,0,46000,0,200,120,280,9000,0,0,0,0,0,0,0,0,0,0,'111110023976','Dena Bank','MED/GUJ/35072','','','','','salary'),(15,1888,'GANESH GOVEKAR','ENT','Professor','salary of Feb 2017',58000,10000,17000,106250,240,0,300,100,0,0,0,0,0,0,0,0,0,46000,0,200,120,280,9000,0,0,0,0,0,0,0,0,0,0,'111110023976','Dena Bank','MED/GUJ/35072','','','','','salary'),(15,170204,'GANESH GOVEKAR','ENT','Professor','salary of Feb 2017',58000,10000,17000,106250,240,0,300,100,0,0,0,0,0,0,0,0,0,46000,0,200,120,280,9000,0,0,0,0,0,0,0,0,0,0,'111110023976','Dena Bank','MED/GUJ/35072','','','','','salary'),(16,22,'GUNVANT R. PARMAR','','','salary of Feb 2017',57360,10000,16840,105250,240,0,300,100,0,0,0,0,0,0,0,0,0,54200,600,200,120,280,9000,0,0,0,0,0,0,0,0,0,0,'111110003109','Dena Bank','MED/GUJ/26701','','','','','salary'),(16,888,'GUNVANT R. PARMAR','','','salary of Feb 2017',57360,10000,16840,105250,240,0,300,100,0,0,0,0,0,0,0,0,0,54200,600,200,120,280,9000,0,0,0,0,0,0,0,0,0,0,'111110003109','Dena Bank','MED/GUJ/26701','','','','','salary'),(16,999,'GUNVANT R. PARMAR','','','salary of Feb 2017',57360,10000,16840,105250,240,0,300,100,0,0,0,0,0,0,0,0,0,54200,600,200,120,280,9000,0,0,0,0,0,0,0,0,0,0,'111110003109','Dena Bank','MED/GUJ/26701','','','','','salary'),(16,1888,'GUNVANT R. PARMAR','','','salary of Feb 2017',57360,10000,16840,105250,240,0,300,100,0,0,0,0,0,0,0,0,0,54200,600,200,120,280,9000,0,0,0,0,0,0,0,0,0,0,'111110003109','Dena Bank','MED/GUJ/26701','','','','','salary'),(16,170204,'GUNVANT R. PARMAR','','','salary of Feb 2017',57360,10000,16840,105250,240,0,300,100,0,0,0,0,0,0,0,0,0,54200,600,200,120,280,9000,0,0,0,0,0,0,0,0,0,0,'111110003109','Dena Bank','MED/GUJ/26701','','','','','salary'),(17,22,'HARI J. MENON','','','salary of Feb 2017',44850,10000,13713,85704,240,0,300,100,0,0,0,0,0,0,0,0,0,44500,600,200,120,280,0,0,0,0,0,0,0,0,0,0,0,'111110025108','Dena Bank','NOT ALLOTED','','','','','salary'),(17,888,'HARI J. MENON','','','salary of Feb 2017',44850,10000,13713,85704,240,0,300,100,0,0,0,0,0,0,0,0,0,44500,600,200,120,280,0,0,0,0,0,0,0,0,0,0,0,'111110025108','Dena Bank','NOT ALLOTED','','','','','salary'),(17,999,'HARI J. MENON','','','salary of Feb 2017',44850,10000,13713,85704,240,0,300,100,0,0,0,0,0,0,0,0,0,44500,600,200,120,280,0,0,0,0,0,0,0,0,0,0,0,'111110025108','Dena Bank','NOT ALLOTED','','','','','salary'),(17,1888,'HARI J. MENON','','','salary of Feb 2017',44850,10000,13713,85704,240,0,300,100,0,0,0,0,0,0,0,0,0,44500,600,200,120,280,0,0,0,0,0,0,0,0,0,0,0,'111110025108','Dena Bank','NOT ALLOTED','','','','','salary'),(17,170204,'HARI J. MENON','','','salary of Feb 2017',44850,10000,13713,85704,240,0,300,100,0,0,0,0,0,0,0,0,0,44500,600,200,120,280,0,0,0,0,0,0,0,0,0,0,0,'111110025108','Dena Bank','NOT ALLOTED','','','','','salary'),(18,22,'HARSHAD M. PATEL','','','salary of Feb 2017',46440,9000,13860,86625,240,13860,300,100,1600,0,0,0,0,0,0,0,0,0,0,200,120,280,7000,0,0,0,0,0,0,0,0,0,0,'111110002403','Dena Bank','MED/GUJ/40421','','','','','salary'),(18,888,'HARSHAD M. PATEL','','','salary of Feb 2017',46440,9000,13860,86625,240,13860,300,100,1600,0,0,0,0,0,0,0,0,0,0,200,120,280,7000,0,0,0,0,0,0,0,0,0,0,'111110002403','Dena Bank','MED/GUJ/40421','','','','','salary'),(18,999,'HARSHAD M. PATEL','','','salary of Feb 2017',46440,9000,13860,86625,240,13860,300,100,1600,0,0,0,0,0,0,0,0,0,0,200,120,280,7000,0,0,0,0,0,0,0,0,0,0,'111110002403','Dena Bank','MED/GUJ/40421','','','','','salary'),(18,1888,'HARSHAD M. PATEL','','','salary of Feb 2017',46440,9000,13860,86625,240,13860,300,100,1600,0,0,0,0,0,0,0,0,0,0,200,120,280,7000,0,0,0,0,0,0,0,0,0,0,'111110002403','Dena Bank','MED/GUJ/40421','','','','','salary'),(18,170204,'HARSHAD M. PATEL','','','salary of Feb 2017',46440,9000,13860,86625,240,13860,300,100,1600,0,0,0,0,0,0,0,0,0,0,200,120,280,7000,0,0,0,0,0,0,0,0,0,0,'111110002403','Dena Bank','MED/GUJ/40421','','','','','salary'),(19,22,'HETAL THAKAR','','','salary of Feb 2017',31220,7000,9555,59719,240,9555,300,100,1600,0,0,0,0,0,0,0,0,24000,0,200,120,280,40000,0,0,0,0,0,0,0,0,0,0,'111110002952','Dena Bank','MED/GUJ/37915','','','','','salary'),(19,888,'HETAL THAKAR','','','salary of Feb 2017',31220,7000,9555,59719,240,9555,300,100,1600,0,0,0,0,0,0,0,0,24000,0,200,120,280,40000,0,0,0,0,0,0,0,0,0,0,'111110002952','Dena Bank','MED/GUJ/37915','','','','','salary'),(19,999,'HETAL THAKAR','','','salary of Feb 2017',31220,7000,9555,59719,240,9555,300,100,1600,0,0,0,0,0,0,0,0,24000,0,200,120,280,40000,0,0,0,0,0,0,0,0,0,0,'111110002952','Dena Bank','MED/GUJ/37915','','','','','salary'),(19,1888,'HETAL THAKAR','','','salary of Feb 2017',31220,7000,9555,59719,240,9555,300,100,1600,0,0,0,0,0,0,0,0,24000,0,200,120,280,40000,0,0,0,0,0,0,0,0,0,0,'111110002952','Dena Bank','MED/GUJ/37915','','','','','salary'),(19,170204,'HETAL THAKAR','','','salary of Feb 2017',31220,7000,9555,59719,240,9555,300,100,1600,0,0,0,0,0,0,0,0,24000,0,200,120,280,40000,0,0,0,0,0,0,0,0,0,0,'111110002952','Dena Bank','MED/GUJ/37915','','','','','salary'),(20,22,'HINAL BHAGAT','','','salary of Feb 2017',22700,7000,7425,46406,240,7425,300,100,1600,0,0,0,0,0,0,0,0,32500,0,200,120,280,0,0,0,0,0,0,0,0,0,0,0,'111110004606','Dena Bank','NOT ALLOTED','','','','','salary'),(20,888,'HINAL BHAGAT','','','salary of Feb 2017',22700,7000,7425,46406,240,7425,300,100,1600,0,0,0,0,0,0,0,0,32500,0,200,120,280,0,0,0,0,0,0,0,0,0,0,0,'111110004606','Dena Bank','NOT ALLOTED','','','','','salary'),(20,999,'HINAL BHAGAT','','','salary of Feb 2017',22700,7000,7425,46406,240,7425,300,100,1600,0,0,0,0,0,0,0,0,32500,0,200,120,280,0,0,0,0,0,0,0,0,0,0,0,'111110004606','Dena Bank','NOT ALLOTED','','','','','salary'),(20,1888,'HINAL BHAGAT','','','salary of Feb 2017',22700,7000,7425,46406,240,7425,300,100,1600,0,0,0,0,0,0,0,0,32500,0,200,120,280,0,0,0,0,0,0,0,0,0,0,0,'111110004606','Dena Bank','NOT ALLOTED','','','','','salary'),(20,170204,'HINAL BHAGAT','','','salary of Feb 2017',22700,7000,7425,46406,240,7425,300,100,1600,0,0,0,0,0,0,0,0,32500,0,200,120,280,0,0,0,0,0,0,0,0,0,0,0,'111110004606','Dena Bank','NOT ALLOTED','','','','','salary'),(21,22,'J.K. KOSAMBIYA','','','salary of Feb 2017',57210,9000,16553,103454,240,0,300,100,0,0,0,0,0,0,0,0,0,25000,600,200,120,280,15000,0,0,0,0,0,0,0,0,0,0,'111110001248','Dena Bank','MED/GUJ/23914','','','','','salary'),(21,888,'J.K. KOSAMBIYA','','','salary of Feb 2017',57210,9000,16553,103454,240,0,300,100,0,0,0,0,0,0,0,0,0,25000,600,200,120,280,15000,0,0,0,0,0,0,0,0,0,0,'111110001248','Dena Bank','MED/GUJ/23914','','','','','salary'),(21,999,'J.K. KOSAMBIYA','','','salary of Feb 2017',57210,9000,16553,103454,240,0,300,100,0,0,0,0,0,0,0,0,0,25000,600,200,120,280,15000,0,0,0,0,0,0,0,0,0,0,'111110001248','Dena Bank','MED/GUJ/23914','','','','','salary'),(21,1888,'J.K. KOSAMBIYA','','','salary of Feb 2017',57210,9000,16553,103454,240,0,300,100,0,0,0,0,0,0,0,0,0,25000,600,200,120,280,15000,0,0,0,0,0,0,0,0,0,0,'111110001248','Dena Bank','MED/GUJ/23914','','','','','salary'),(21,170204,'J.K. KOSAMBIYA','','','salary of Feb 2017',57210,9000,16553,103454,240,0,300,100,0,0,0,0,0,0,0,0,0,25000,600,200,120,280,15000,0,0,0,0,0,0,0,0,0,0,'111110001248','Dena Bank','MED/GUJ/23914','','','','','salary'),(22,22,'JAYMIN CONTRACTOR','','','salary of Feb 2017',58000,10000,17000,106250,240,17000,300,100,1600,0,0,0,0,0,0,0,0,57000,0,200,120,280,10000,0,0,0,0,0,0,0,0,0,0,'111110004017','Dena Bank','MED/GUJ/37997','','','','','salary'),(22,888,'JAYMIN CONTRACTOR','','','salary of Feb 2017',58000,10000,17000,106250,240,17000,300,100,1600,0,0,0,0,0,0,0,0,57000,0,200,120,280,10000,0,0,0,0,0,0,0,0,0,0,'111110004017','Dena Bank','MED/GUJ/37997','','','','','salary'),(22,999,'JAYMIN CONTRACTOR','','','salary of Feb 2017',58000,10000,17000,106250,240,17000,300,100,1600,0,0,0,0,0,0,0,0,57000,0,200,120,280,10000,0,0,0,0,0,0,0,0,0,0,'111110004017','Dena Bank','MED/GUJ/37997','','','','','salary'),(22,1888,'JAYMIN CONTRACTOR','','','salary of Feb 2017',58000,10000,17000,106250,240,17000,300,100,1600,0,0,0,0,0,0,0,0,57000,0,200,120,280,10000,0,0,0,0,0,0,0,0,0,0,'111110004017','Dena Bank','MED/GUJ/37997','','','','','salary'),(22,170204,'JAYMIN CONTRACTOR','','','salary of Feb 2017',58000,10000,17000,106250,240,17000,300,100,1600,0,0,0,0,0,0,0,0,57000,0,200,120,280,10000,0,0,0,0,0,0,0,0,0,0,'111110004017','Dena Bank','MED/GUJ/37997','','','','','salary'),(23,22,'JIGNESH PATEL','','','salary of Feb 2017',22700,7000,7425,46406,240,7425,300,100,1600,0,0,0,0,0,0,0,0,4000,0,200,120,280,0,0,0,0,0,0,0,0,0,0,0,'111110026088','Dena Bank','NOT ALLOTED','','','','','salary'),(23,888,'JIGNESH PATEL','','','salary of Feb 2017',22700,7000,7425,46406,240,7425,300,100,1600,0,0,0,0,0,0,0,0,4000,0,200,120,280,0,0,0,0,0,0,0,0,0,0,0,'111110026088','Dena Bank','NOT ALLOTED','','','','','salary'),(23,999,'JIGNESH PATEL','','','salary of Feb 2017',22700,7000,7425,46406,240,7425,300,100,1600,0,0,0,0,0,0,0,0,4000,0,200,120,280,0,0,0,0,0,0,0,0,0,0,0,'111110026088','Dena Bank','NOT ALLOTED','','','','','salary'),(23,1888,'JIGNESH PATEL','','','salary of Feb 2017',22700,7000,7425,46406,240,7425,300,100,1600,0,0,0,0,0,0,0,0,4000,0,200,120,280,0,0,0,0,0,0,0,0,0,0,0,'111110026088','Dena Bank','NOT ALLOTED','','','','','salary'),(23,170204,'JIGNESH PATEL','','','salary of Feb 2017',22700,7000,7425,46406,240,7425,300,100,1600,0,0,0,0,0,0,0,0,4000,0,200,120,280,0,0,0,0,0,0,0,0,0,0,0,'111110026088','Dena Bank','NOT ALLOTED','','','','','salary'),(24,22,'KAMLESH DAVE','','','salary of Feb 2017',51600,9000,15150,94688,240,0,300,100,0,0,0,0,0,0,0,0,0,11600,0,200,120,280,10000,0,0,0,0,0,0,0,0,0,0,'111110003195','Dena Bank','MED/GUJ/40181','','','','','salary'),(24,888,'KAMLESH DAVE','','','salary of Feb 2017',51600,9000,15150,94688,240,0,300,100,0,0,0,0,0,0,0,0,0,11600,0,200,120,280,10000,0,0,0,0,0,0,0,0,0,0,'111110003195','Dena Bank','MED/GUJ/40181','','','','','salary'),(24,999,'KAMLESH DAVE','','','salary of Feb 2017',51600,9000,15150,94688,240,0,300,100,0,0,0,0,0,0,0,0,0,11600,0,200,120,280,10000,0,0,0,0,0,0,0,0,0,0,'111110003195','Dena Bank','MED/GUJ/40181','','','','','salary'),(24,1888,'KAMLESH DAVE','','','salary of Feb 2017',51600,9000,15150,94688,240,0,300,100,0,0,0,0,0,0,0,0,0,11600,0,200,120,280,10000,0,0,0,0,0,0,0,0,0,0,'111110003195','Dena Bank','MED/GUJ/40181','','','','','salary'),(24,170204,'KAMLESH DAVE','','','salary of Feb 2017',51600,9000,15150,94688,240,0,300,100,0,0,0,0,0,0,0,0,0,11600,0,200,120,280,10000,0,0,0,0,0,0,0,0,0,0,'111110003195','Dena Bank','MED/GUJ/40181','','','','','salary'),(25,22,'KHYATI D. SHAMALIYA','','','salary of Feb 2017',20990,7000,6998,43735,240,6998,300,100,1600,0,0,0,0,0,0,0,0,6400,0,200,0,0,0,0,0,0,0,0,0,0,0,0,0,'111110005792','Dena Bank','STOP PAYMENT','','','','','salary'),(25,888,'KHYATI D. SHAMALIYA','','','salary of Feb 2017',20990,7000,6998,43735,240,6998,300,100,1600,0,0,0,0,0,0,0,0,6400,0,200,0,0,0,0,0,0,0,0,0,0,0,0,0,'111110005792','Dena Bank','STOP PAYMENT','','','','','salary'),(25,999,'KHYATI D. SHAMALIYA','','','salary of Feb 2017',20990,7000,6998,43735,240,6998,300,100,1600,0,0,0,0,0,0,0,0,6400,0,200,0,0,0,0,0,0,0,0,0,0,0,0,0,'111110005792','Dena Bank','STOP PAYMENT','','','','','salary'),(25,1888,'KHYATI D. SHAMALIYA','','','salary of Feb 2017',20990,7000,6998,43735,240,6998,300,100,1600,0,0,0,0,0,0,0,0,6400,0,200,0,0,0,0,0,0,0,0,0,0,0,0,0,'111110005792','Dena Bank','STOP PAYMENT','','','','','salary'),(25,170204,'KHYATI D. SHAMALIYA','','','salary of Feb 2017',20990,7000,6998,43735,240,6998,300,100,1600,0,0,0,0,0,0,0,0,6400,0,200,0,0,0,0,0,0,0,0,0,0,0,0,0,'111110005792','Dena Bank','STOP PAYMENT','','','','','salary'),(26,22,'LATIKA N. PUROHITH','','','salary of Feb 2017',29820,7000,9205,57531,240,9205,300,100,1600,0,0,0,0,0,0,0,0,3000,0,200,120,280,6000,0,0,0,0,0,0,0,0,0,0,'111110003353','Dena Bank','MED/GUJ/26699','','','','','salary'),(26,888,'LATIKA N. PUROHITH','','','salary of Feb 2017',29820,7000,9205,57531,240,9205,300,100,1600,0,0,0,0,0,0,0,0,3000,0,200,120,280,6000,0,0,0,0,0,0,0,0,0,0,'111110003353','Dena Bank','MED/GUJ/26699','','','','','salary'),(26,999,'LATIKA N. PUROHITH','','','salary of Feb 2017',29820,7000,9205,57531,240,9205,300,100,1600,0,0,0,0,0,0,0,0,3000,0,200,120,280,6000,0,0,0,0,0,0,0,0,0,0,'111110003353','Dena Bank','MED/GUJ/26699','','','','','salary'),(26,1888,'LATIKA N. PUROHITH','','','salary of Feb 2017',29820,7000,9205,57531,240,9205,300,100,1600,0,0,0,0,0,0,0,0,3000,0,200,120,280,6000,0,0,0,0,0,0,0,0,0,0,'111110003353','Dena Bank','MED/GUJ/26699','','','','','salary'),(26,170204,'LATIKA N. PUROHITH','','','salary of Feb 2017',29820,7000,9205,57531,240,9205,300,100,1600,0,0,0,0,0,0,0,0,3000,0,200,120,280,6000,0,0,0,0,0,0,0,0,0,0,'111110003353','Dena Bank','MED/GUJ/26699','','','','','salary'),(27,22,'M. K. VADEL','','','salary of Feb 2017',58000,10000,17000,106250,240,17000,300,100,0,0,0,0,0,0,0,0,0,50000,0,200,120,280,35000,0,0,0,0,0,0,0,0,0,0,'111110001909','Dena Bank','MED/GUJ/22841','','','','','salary'),(27,888,'M. K. VADEL','','','salary of Feb 2017',58000,10000,17000,106250,240,17000,300,100,0,0,0,0,0,0,0,0,0,50000,0,200,120,280,35000,0,0,0,0,0,0,0,0,0,0,'111110001909','Dena Bank','MED/GUJ/22841','','','','','salary'),(27,999,'M. K. VADEL','','','salary of Feb 2017',58000,10000,17000,106250,240,17000,300,100,0,0,0,0,0,0,0,0,0,50000,0,200,120,280,35000,0,0,0,0,0,0,0,0,0,0,'111110001909','Dena Bank','MED/GUJ/22841','','','','','salary'),(27,1888,'M. K. VADEL','','','salary of Feb 2017',58000,10000,17000,106250,240,17000,300,100,0,0,0,0,0,0,0,0,0,50000,0,200,120,280,35000,0,0,0,0,0,0,0,0,0,0,'111110001909','Dena Bank','MED/GUJ/22841','','','','','salary'),(27,170204,'M. K. VADEL','','','salary of Feb 2017',58000,10000,17000,106250,240,17000,300,100,0,0,0,0,0,0,0,0,0,50000,0,200,120,280,35000,0,0,0,0,0,0,0,0,0,0,'111110001909','Dena Bank','MED/GUJ/22841','','','','','salary'),(28,22,'MANDAKINI PATEL','','','salary of Feb 2017',58880,9000,16970,106063,240,16970,300,100,1600,0,0,0,0,0,0,0,0,64000,0,200,120,280,50000,0,0,0,0,0,0,0,0,0,0,'111110001925','Dena Bank','MED/GUJ/23847','','','','','salary'),(28,888,'MANDAKINI PATEL','','','salary of Feb 2017',58880,9000,16970,106063,240,16970,300,100,1600,0,0,0,0,0,0,0,0,64000,0,200,120,280,50000,0,0,0,0,0,0,0,0,0,0,'111110001925','Dena Bank','MED/GUJ/23847','','','','','salary'),(28,999,'MANDAKINI PATEL','','','salary of Feb 2017',58880,9000,16970,106063,240,16970,300,100,1600,0,0,0,0,0,0,0,0,64000,0,200,120,280,50000,0,0,0,0,0,0,0,0,0,0,'111110001925','Dena Bank','MED/GUJ/23847','','','','','salary'),(28,1888,'MANDAKINI PATEL','','','salary of Feb 2017',58880,9000,16970,106063,240,16970,300,100,1600,0,0,0,0,0,0,0,0,64000,0,200,120,280,50000,0,0,0,0,0,0,0,0,0,0,'111110001925','Dena Bank','MED/GUJ/23847','','','','','salary'),(28,170204,'MANDAKINI PATEL','','','salary of Feb 2017',58880,9000,16970,106063,240,16970,300,100,1600,0,0,0,0,0,0,0,0,64000,0,200,120,280,50000,0,0,0,0,0,0,0,0,0,0,'111110001925','Dena Bank','MED/GUJ/23847','','','','','salary'),(29,103,'NEELAM N. PARMAR','','','',103,0,0,0,0,0,0,0,0,0,0,0,0,0,0,0,0,0,0,0,0,0,0,0,0,0,0,0,0,0,0,0,0,'111110004581','Dena Bank','','','','','',''),(30,22,'NIDHI D. PATEL','','','salary of Feb 2017',21830,7000,7208,45048,240,7208,300,100,1600,0,0,0,0,0,0,0,0,12700,0,200,0,0,0,0,0,0,0,0,0,0,0,0,0,'111110005996','Dena Bank',' NOT ALLOTED','','','','','salary'),(30,888,'NIDHI D. PATEL','','','salary of Feb 2017',21830,7000,7208,45048,240,7208,300,100,1600,0,0,0,0,0,0,0,0,12700,0,200,0,0,0,0,0,0,0,0,0,0,0,0,0,'111110005996','Dena Bank',' NOT ALLOTED','','','','','salary'),(30,1888,'NIDHI D. PATEL','','','salary of Feb 2017',21830,7000,7208,45048,240,7208,300,100,1600,0,0,0,0,0,0,0,0,12700,0,200,0,0,0,0,0,0,0,0,0,0,0,0,0,'111110005996','Dena Bank',' NOT ALLOTED','','','','','salary'),(30,170204,'NIDHI D. PATEL','','','salary of Feb 2017',21830,7000,7208,45048,240,7208,300,100,1600,0,0,0,0,0,0,0,0,12700,0,200,0,0,0,0,0,0,0,0,0,0,0,0,0,'111110005996','Dena Bank',' NOT ALLOTED','','','','','salary'),(31,888,'NIMESH VERMA','','','salary of Feb 2017',57250,9000,16563,103516,240,0,300,100,0,0,0,0,0,0,0,0,0,65000,1040,200,120,280,15000,0,0,0,0,0,0,0,0,0,0,'111110029623','Dena Bank','MED/GUJ/36764','','','','','salary'),(31,999,'NIMESH VERMA','','','salary of Feb 2017',57250,9000,16563,103516,240,0,300,100,0,0,0,0,0,0,0,0,0,65000,1040,200,120,280,15000,0,0,0,0,0,0,0,0,0,0,'111110029623','Dena Bank','MED/GUJ/36764','','','','','salary'),(31,1888,'NIMESH VERMA','','','salary of Feb 2017',57250,9000,16563,103516,240,0,300,100,0,0,0,0,0,0,0,0,0,65000,1040,200,120,280,15000,0,0,0,0,0,0,0,0,0,0,'111110029623','Dena Bank','MED/GUJ/36764','','','','','salary'),(33,22,'P. Z. WADIA','','','salary of Feb 2017',59000,9000,17000,106250,240,17000,0,100,1600,0,0,0,0,0,0,0,0,53000,0,200,120,280,9000,0,0,0,0,0,0,0,0,0,0,'111110003983','Dena Bank','MED/GUJ/26384','','','','','salary'),(33,888,'P. Z. WADIA','','','salary of Feb 2017',59000,9000,17000,106250,240,17000,0,100,1600,0,0,0,0,0,0,0,0,53000,0,200,120,280,9000,0,0,0,0,0,0,0,0,0,0,'111110003983','Dena Bank','MED/GUJ/26384','','','','','salary'),(33,999,'P. Z. WADIA','','','salary of Feb 2017',59000,9000,17000,106250,240,17000,0,100,1600,0,0,0,0,0,0,0,0,53000,0,200,120,280,9000,0,0,0,0,0,0,0,0,0,0,'111110003983','Dena Bank','MED/GUJ/26384','','','','','salary'),(33,1888,'P. Z. WADIA','','','salary of Feb 2017',59000,9000,17000,106250,240,17000,0,100,1600,0,0,0,0,0,0,0,0,53000,0,200,120,280,9000,0,0,0,0,0,0,0,0,0,0,'111110003983','Dena Bank','MED/GUJ/26384','','','','','salary'),(33,170204,'P. Z. WADIA','','','salary of Feb 2017',59000,9000,17000,106250,240,17000,0,100,1600,0,0,0,0,0,0,0,0,53000,0,200,120,280,9000,0,0,0,0,0,0,0,0,0,0,'111110003983','Dena Bank','MED/GUJ/26384','','','','','salary'),(34,22,'PINAL C. SHAH','','','salary of Feb 2017',25470,7000,8118,50735,240,8118,300,100,1600,0,0,0,0,0,0,0,0,27000,0,200,120,280,15000,0,0,0,0,0,0,0,0,0,0,'111110006246','Dena Bank','MED/GUJ/40504','','','','','salary'),(34,888,'PINAL C. SHAH','','','salary of Feb 2017',25470,7000,8118,50735,240,8118,300,100,1600,0,0,0,0,0,0,0,0,27000,0,200,120,280,15000,0,0,0,0,0,0,0,0,0,0,'111110006246','Dena Bank','MED/GUJ/40504','','','','','salary'),(34,999,'PINAL C. SHAH','','','salary of Feb 2017',25470,7000,8118,50735,240,8118,300,100,1600,0,0,0,0,0,0,0,0,27000,0,200,120,280,15000,0,0,0,0,0,0,0,0,0,0,'111110006246','Dena Bank','MED/GUJ/40504','','','','','salary'),(34,1888,'PINAL C. SHAH','','','salary of Feb 2017',25470,7000,8118,50735,240,8118,300,100,1600,0,0,0,0,0,0,0,0,27000,0,200,120,280,15000,0,0,0,0,0,0,0,0,0,0,'111110006246','Dena Bank','MED/GUJ/40504','','','','','salary'),(34,170204,'PINAL C. SHAH','','','salary of Feb 2017',25470,7000,8118,50735,240,8118,300,100,1600,0,0,0,0,0,0,0,0,27000,0,200,120,280,15000,0,0,0,0,0,0,0,0,0,0,'111110006246','Dena Bank','MED/GUJ/40504','','','','','salary'),(35,10,'PRADHYUMAN CHAUDHARI','Opthalmology','Associate Professor','',333330,0,0,0,0,0,0,0,0,0,0,0,110,10,110,110,110,22,220,220,20,0,0,0,0,0,0,0,0,0,0,0,0,'111110032803','Dena Bank','','','officer','','',''),(35,22,'PRADHYUMAN CHAUDHARI','','','salary of Feb 2017',19370,7000,6593,41204,240,6593,0,100,1600,0,0,0,0,0,0,0,0,14400,0,200,0,0,0,0,0,0,0,0,0,0,0,0,0,'111110032803','Dena Bank','NOT ALLOTED','','','','','salary'),(35,170204,'PRADHYUMAN CHAUDHARI','','','salary of Feb 2017',19370,7000,6593,41204,240,6593,0,100,1600,0,0,0,0,0,0,0,0,14400,0,200,0,0,0,0,0,0,0,0,0,0,0,0,0,'111110032803','Dena Bank','NOT ALLOTED','','','','','salary'),(35,170404,'PRADHYUMAN CHAUDHARI','','','salary of Feb 2017',19370,7000,6593,41204,240,6593,0,100,1600,0,0,0,0,0,0,0,0,14400,0,200,0,0,0,0,0,0,0,0,0,0,0,0,0,'111110032803','Dena Bank','NOT ALLOTED','','','','','salary'),(35,170504,'PRADHYUMAN CHAUDHARI','','','salary of Feb 2017',19370,7000,6593,41204,240,6593,0,100,1600,0,0,0,0,0,0,0,0,14400,0,200,0,0,0,0,0,0,0,0,0,0,0,0,0,'111110032803','Dena Bank','NOT ALLOTED','','','','','salary'),(35,170604,'PRADHYUMAN CHAUDHARI','','','salary of Feb 2017',19370,7000,6593,41204,240,6593,0,100,1600,0,0,0,0,0,0,0,0,14400,0,200,0,0,0,0,0,0,0,0,0,0,0,0,0,'111110032803','Dena Bank','NOT ALLOTED','','','','','salary'),(36,0,'PRAKASH PATEL','','','',0,0,0,0,0,0,0,0,0,0,0,0,0,0,0,0,0,0,0,0,0,0,0,0,0,0,0,0,0,0,0,0,0,'111110027142','Dena Bank','','','','','',''),(36,22,'PRAKASH PATEL','','','salary of Feb 2017',21830,7000,7208,45048,240,7208,300,100,1600,0,0,0,0,0,0,0,0,9900,0,200,120,280,0,0,0,0,0,0,0,0,0,0,0,'111110027142','Dena Bank','NOT ALLOTED','','','','','salary'),(36,888,'PRAKASH PATEL','','','salary of Feb 2017',21830,7000,7208,45048,240,7208,300,100,1600,0,0,0,0,0,0,0,0,9900,0,200,120,280,0,0,0,0,0,0,0,0,0,0,0,'111110027142','Dena Bank','NOT ALLOTED','','','','','salary'),(36,999,'PRAKASH PATEL','','','salary of Feb 2017',21830,7000,7208,45048,240,7208,300,100,1600,0,0,0,0,0,0,0,0,9900,0,200,120,280,0,0,0,0,0,0,0,0,0,0,0,'111110027142','Dena Bank','NOT ALLOTED','','','','','salary'),(36,1888,'PRAKASH PATEL','','','salary of Feb 2017',21830,7000,7208,45048,240,7208,300,100,1600,0,0,0,0,0,0,0,0,9900,0,200,120,280,0,0,0,0,0,0,0,0,0,0,0,'111110027142','Dena Bank','NOT ALLOTED','','','','','salary'),(36,170204,'PRAKASH PATEL','','','salary of Feb 2017',21830,7000,7208,45048,240,7208,300,100,1600,0,0,0,0,0,0,0,0,9900,0,200,120,280,0,0,0,0,0,0,0,0,0,0,0,'111110027142','Dena Bank','NOT ALLOTED','','','','','salary'),(38,10,'PRITI KAPADIYA','Opthalmology','Professor','',1110,1110,110,0,0,0,0,0,0,0,0,0,0,0,0,0,0,0,0,0,111,0,0,0,0,0,0,0,0,0,0,0,0,'111110004725','Dena Bank','MED/GUJ/26639','','officer','','',''),(38,22,'PRITI KAPADIYA','','','salary of Feb 2017',58000,10000,17000,106250,240,17000,300,100,1600,0,0,0,0,0,0,0,0,41000,0,200,120,280,20000,0,0,0,0,0,0,0,0,0,0,'111110004725','Dena Bank','MED/GUJ/26639','','','','','salary'),(38,888,'PRITI KAPADIYA','','','salary of Feb 2017',58000,10000,17000,106250,240,17000,300,100,1600,0,0,0,0,0,0,0,0,41000,0,200,120,280,20000,0,0,0,0,0,0,0,0,0,0,'111110004725','Dena Bank','MED/GUJ/26639','','','','','salary'),(38,999,'PRITI KAPADIYA','','','salary of Feb 2017',58000,10000,17000,106250,240,17000,300,100,1600,0,0,0,0,0,0,0,0,41000,0,200,120,280,20000,0,0,0,0,0,0,0,0,0,0,'111110004725','Dena Bank','MED/GUJ/26639','','','','','salary'),(38,1888,'PRITI KAPADIYA','','','salary of Feb 2017',58000,10000,17000,106250,240,17000,300,100,1600,0,0,0,0,0,0,0,0,41000,0,200,120,280,20000,0,0,0,0,0,0,0,0,0,0,'111110004725','Dena Bank','MED/GUJ/26639','','','','','salary'),(38,170204,'PRITI KAPADIYA','','','salary of Feb 2017',58000,10000,17000,106250,240,17000,300,100,1600,0,0,0,0,0,0,0,0,41000,0,200,120,280,20000,0,0,0,0,0,0,0,0,0,0,'111110004725','Dena Bank','MED/GUJ/26639','','','','','salary'),(39,11,'PUNEET SAXENA','','','',0,0,0,0,0,0,0,0,0,0,0,0,0,0,0,0,0,0,0,0,0,0,0,0,0,0,0,0,0,0,0,0,0,'111110004349','Dena Bank','MED/GUJ/40050','','officer','','',''),(39,33,'PUNEET SAXENA','','','salary of Feb 2017',49830,9000,14708,91923,240,14708,300,100,1600,0,0,0,0,0,0,0,0,49000,0,200,120,280,9000,0,0,0,0,0,0,0,0,0,0,'111110004349','Dena Bank','MED/GUJ/40050','','','','','salary'),(39,34,'PUNEET SAXENA','','','Arrears of Feb 2017',333450,0,0,0,0,0,0,0,0,0,0,0,0,0,0,33330,220,4456,0,0,0,0,0,0,0,0,0,0,0,0,0,0,0,'111110004349','Dena Bank','MED/GUJ/40050','','','','',''),(40,22,'R. N. HATHILA','','','salary of Feb 2017',57090,9000,16523,103266,240,16523,300,100,1600,0,0,0,0,0,0,0,0,53100,0,200,120,280,12000,0,0,0,0,0,0,0,0,0,0,'111110002299','Dena Bank','MED/GUJ/26651','','','','','salary'),(40,888,'R. N. HATHILA','','','salary of Feb 2017',57090,9000,16523,103266,240,16523,300,100,1600,0,0,0,0,0,0,0,0,53100,0,200,120,280,12000,0,0,0,0,0,0,0,0,0,0,'111110002299','Dena Bank','MED/GUJ/26651','','','','','salary'),(40,999,'R. N. HATHILA','','','salary of Feb 2017',57090,9000,16523,103266,240,16523,300,100,1600,0,0,0,0,0,0,0,0,53100,0,200,120,280,12000,0,0,0,0,0,0,0,0,0,0,'111110002299','Dena Bank','MED/GUJ/26651','','','','','salary'),(40,1888,'R. N. HATHILA','','','salary of Feb 2017',57090,9000,16523,103266,240,16523,300,100,1600,0,0,0,0,0,0,0,0,53100,0,200,120,280,12000,0,0,0,0,0,0,0,0,0,0,'111110002299','Dena Bank','MED/GUJ/26651','','','','','salary'),(40,170204,'R. N. HATHILA','','','salary of Feb 2017',57090,9000,16523,103266,240,16523,300,100,1600,0,0,0,0,0,0,0,0,53100,0,200,120,280,12000,0,0,0,0,0,0,0,0,0,0,'111110002299','Dena Bank','MED/GUJ/26651','','','','','salary'),(41,0,'RAGINI VERMA','','','',0,0,0,0,0,0,0,0,0,0,0,0,0,0,0,0,0,0,0,0,0,0,0,0,0,0,0,0,0,0,0,0,0,'111110003290','Dena Bank','MED/GUJ/36765','','','','',''),(41,22,'RAGINI VERMA','','','salary of Feb 2017',57500,10000,16875,105469,240,0,300,100,0,0,0,0,0,0,0,0,0,65000,0,200,120,280,15000,0,0,0,0,0,0,0,0,0,0,'111110003290','Dena Bank','MED/GUJ/36765','','','','','salary'),(41,55,'RAGINI VERMA','','','',0,0,0,0,0,0,0,0,0,0,0,0,0,0,0,0,0,0,0,0,0,0,0,0,0,0,0,0,0,0,0,0,0,'111110003290','Dena Bank','MED/GUJ/36765','','','','',''),(41,77,'RAGINI VERMA','','','',0,0,0,0,0,0,0,0,0,0,0,0,0,0,0,0,0,0,0,0,0,0,0,0,0,0,0,0,0,0,0,0,0,'111110003290','Dena Bank','MED/GUJ/36765','','','','',''),(41,90,'RAGINI VERMA','','','',0,0,0,0,0,0,0,0,0,0,0,0,0,0,0,0,0,0,0,0,0,0,0,0,0,0,0,0,0,0,0,0,0,'111110003290','Dena Bank','MED/GUJ/36765','','','','',''),(41,111,'RAGINI VERMA','','','',0,0,0,0,0,0,0,0,0,0,0,0,0,0,0,0,0,0,0,0,0,0,0,0,0,0,0,0,0,0,0,0,0,'111110003290','Dena Bank','MED/GUJ/36765','','','','',''),(41,888,'RAGINI VERMA','','','salary of Feb 2017',57500,10000,16875,105469,240,0,300,100,0,0,0,0,0,0,0,0,0,65000,0,200,120,280,15000,0,0,0,0,0,0,0,0,0,0,'111110003290','Dena Bank','MED/GUJ/36765','','','','','salary'),(41,900,'RAGINI VERMA','','','',0,0,0,0,0,0,0,0,0,0,0,0,0,0,0,0,0,0,0,0,0,0,0,0,0,0,0,0,0,0,0,0,0,'111110003290','Dena Bank','MED/GUJ/36765','','','','',''),(41,999,'RAGINI VERMA','','','salary of Feb 2017',57500,10000,16875,105469,240,0,300,100,0,0,0,0,0,0,0,0,0,65000,0,200,120,280,15000,0,0,0,0,0,0,0,0,0,0,'111110003290','Dena Bank','MED/GUJ/36765','','','','','salary'),(41,1000,'RAGINI VERMA','','','',0,0,0,0,0,0,0,0,0,0,0,0,0,0,0,0,0,0,0,0,0,0,0,0,0,0,0,0,0,0,0,0,0,'111110003290','Dena Bank','MED/GUJ/36765','','','','',''),(41,1888,'RAGINI VERMA','','','salary of Feb 2017',57500,10000,16875,105469,240,0,300,100,0,0,0,0,0,0,0,0,0,65000,0,200,120,280,15000,0,0,0,0,0,0,0,0,0,0,'111110003290','Dena Bank','MED/GUJ/36765','','','','','salary'),(41,170204,'RAGINI VERMA','','','salary of Feb 2017',57500,10000,16875,105469,240,0,300,100,0,0,0,0,0,0,0,0,0,65000,0,200,120,280,15000,0,0,0,0,0,0,0,0,0,0,'111110003290','Dena Bank','MED/GUJ/36765','','','','','salary'),(41,170304,'RAGINI VERMA','','','',0,0,0,0,0,0,0,0,0,0,0,0,0,0,0,0,0,0,0,0,0,0,0,0,0,0,0,0,0,0,0,0,0,'111110003290','Dena Bank','MED/GUJ/36765','','','','',''),(41,170305,'RAGINI VERMA','OG','Professor','',0,0,0,0,0,0,0,0,0,0,0,0,0,0,0,0,0,0,0,0,0,0,0,0,0,0,0,0,0,0,0,0,0,'111110003290','Dena Bank','MED/GUJ/36765','','','','',''),(42,22,'SANGEETA TRIVEDI','','','salary of Feb 2017',57210,9000,16553,103454,240,0,300,100,0,0,0,0,0,0,0,0,0,51000,1040,200,120,280,10000,0,0,0,0,0,0,0,0,0,0,'111110002508','Dena Bank','MED/GUJ/26696','','','','','salary'),(42,888,'SANGEETA TRIVEDI','','','salary of Feb 2017',57210,9000,16553,103454,240,0,300,100,0,0,0,0,0,0,0,0,0,51000,1040,200,120,280,10000,0,0,0,0,0,0,0,0,0,0,'111110002508','Dena Bank','MED/GUJ/26696','','','','','salary'),(42,999,'SANGEETA TRIVEDI','','','salary of Feb 2017',57210,9000,16553,103454,240,0,300,100,0,0,0,0,0,0,0,0,0,51000,1040,200,120,280,10000,0,0,0,0,0,0,0,0,0,0,'111110002508','Dena Bank','MED/GUJ/26696','','','','','salary'),(42,1888,'SANGEETA TRIVEDI','','','salary of Feb 2017',57210,9000,16553,103454,240,0,300,100,0,0,0,0,0,0,0,0,0,51000,1040,200,120,280,10000,0,0,0,0,0,0,0,0,0,0,'111110002508','Dena Bank','MED/GUJ/26696','','','','','salary'),(42,170204,'SANGEETA TRIVEDI','','','salary of Feb 2017',57210,9000,16553,103454,240,0,300,100,0,0,0,0,0,0,0,0,0,51000,1040,200,120,280,10000,0,0,0,0,0,0,0,0,0,0,'111110002508','Dena Bank','MED/GUJ/26696','','','','','salary'),(43,22,'SARITA H. PATEL','','','salary of Feb 2017',20170,7000,6793,42454,240,0,300,100,0,0,0,0,0,0,0,0,0,7000,600,200,0,0,0,0,0,0,0,0,0,0,0,0,0,'111110024853','Dena Bank','NOT ALLOTED','','','','','salary'),(43,888,'SARITA H. PATEL','','','salary of Feb 2017',20170,7000,6793,42454,240,0,300,100,0,0,0,0,0,0,0,0,0,7000,600,200,0,0,0,0,0,0,0,0,0,0,0,0,0,'111110024853','Dena Bank','NOT ALLOTED','','','','','salary'),(43,999,'SARITA H. PATEL','','','salary of Feb 2017',20170,7000,6793,42454,240,0,300,100,0,0,0,0,0,0,0,0,0,7000,600,200,0,0,0,0,0,0,0,0,0,0,0,0,0,'111110024853','Dena Bank','NOT ALLOTED','','','','','salary'),(43,1888,'SARITA H. PATEL','','','salary of Feb 2017',20170,7000,6793,42454,240,0,300,100,0,0,0,0,0,0,0,0,0,7000,600,200,0,0,0,0,0,0,0,0,0,0,0,0,0,'111110024853','Dena Bank','NOT ALLOTED','','','','','salary'),(43,170204,'SARITA H. PATEL','','','salary of Feb 2017',20170,7000,6793,42454,240,0,300,100,0,0,0,0,0,0,0,0,0,7000,600,200,0,0,0,0,0,0,0,0,0,0,0,0,0,'111110024853','Dena Bank','NOT ALLOTED','','','','','salary'),(44,22,'SHAILEE N. VYAS','','','salary of Feb 2017',20990,7000,6998,43735,240,6998,300,100,1600,0,0,0,0,0,0,0,0,17000,0,200,120,280,0,0,0,0,0,0,0,0,0,0,0,'111110024497','Dena Bank','NOT ALLOTED','','','','','salary'),(44,888,'SHAILEE N. VYAS','','','salary of Feb 2017',20990,7000,6998,43735,240,6998,300,100,1600,0,0,0,0,0,0,0,0,17000,0,200,120,280,0,0,0,0,0,0,0,0,0,0,0,'111110024497','Dena Bank','NOT ALLOTED','','','','','salary'),(44,999,'SHAILEE N. VYAS','','','salary of Feb 2017',20990,7000,6998,43735,240,6998,300,100,1600,0,0,0,0,0,0,0,0,17000,0,200,120,280,0,0,0,0,0,0,0,0,0,0,0,'111110024497','Dena Bank','NOT ALLOTED','','','','','salary'),(44,1888,'SHAILEE N. VYAS','','','salary of Feb 2017',20990,7000,6998,43735,240,6998,300,100,1600,0,0,0,0,0,0,0,0,17000,0,200,120,280,0,0,0,0,0,0,0,0,0,0,0,'111110024497','Dena Bank','NOT ALLOTED','','','','','salary'),(44,170204,'SHAILEE N. VYAS','','','salary of Feb 2017',20990,7000,6998,43735,240,6998,300,100,1600,0,0,0,0,0,0,0,0,17000,0,200,120,280,0,0,0,0,0,0,0,0,0,0,0,'111110024497','Dena Bank','NOT ALLOTED','','','','','salary'),(45,22,'SHARMISTHA PATEL','','','salary of Feb 2017',32530,7000,9883,61766,240,9883,300,100,1600,0,0,0,0,0,0,0,0,22000,0,200,120,280,30000,0,0,0,0,0,0,0,0,0,0,'111110002447','Dena Bank','MED/GUJ/26581','','','','','salary'),(45,888,'SHARMISTHA PATEL','','','salary of Feb 2017',32530,7000,9883,61766,240,9883,300,100,1600,0,0,0,0,0,0,0,0,22000,0,200,120,280,30000,0,0,0,0,0,0,0,0,0,0,'111110002447','Dena Bank','MED/GUJ/26581','','','','','salary'),(45,999,'SHARMISTHA PATEL','','','salary of Feb 2017',32530,7000,9883,61766,240,9883,300,100,1600,0,0,0,0,0,0,0,0,22000,0,200,120,280,30000,0,0,0,0,0,0,0,0,0,0,'111110002447','Dena Bank','MED/GUJ/26581','','','','','salary'),(45,1888,'SHARMISTHA PATEL','','','salary of Feb 2017',32530,7000,9883,61766,240,9883,300,100,1600,0,0,0,0,0,0,0,0,22000,0,200,120,280,30000,0,0,0,0,0,0,0,0,0,0,'111110002447','Dena Bank','MED/GUJ/26581','','','','','salary'),(45,170204,'SHARMISTHA PATEL','','','salary of Feb 2017',32530,7000,9883,61766,240,9883,300,100,1600,0,0,0,0,0,0,0,0,22000,0,200,120,280,30000,0,0,0,0,0,0,0,0,0,0,'111110002447','Dena Bank','MED/GUJ/26581','','','','','salary'),(46,22,'SNEHLATA J. CHAUDHARI','','','salary of Feb 2017',51600,9000,15150,94688,240,15150,300,100,1600,0,0,0,0,0,0,0,0,21000,0,200,120,280,40000,0,0,0,0,0,0,0,0,0,0,'111110003601','Dena Bank','MED/GUJ/26375','','','','','salary'),(46,101,'SNEHLATA J. CHAUDHARI','','','',0,0,0,0,0,0,0,0,0,0,0,0,0,0,0,0,0,0,0,0,0,0,0,0,0,0,0,0,0,0,0,0,0,'111110003601','Dena Bank','MED/GUJ/26375','','officer','','',''),(46,888,'SNEHLATA J. CHAUDHARI','','','salary of Feb 2017',51600,9000,15150,94688,240,15150,300,100,1600,0,0,0,0,0,0,0,0,21000,0,200,120,280,40000,0,0,0,0,0,0,0,0,0,0,'111110003601','Dena Bank','MED/GUJ/26375','','','','','salary'),(46,999,'SNEHLATA J. CHAUDHARI','','','salary of Feb 2017',51600,9000,15150,94688,240,15150,300,100,1600,0,0,0,0,0,0,0,0,21000,0,200,120,280,40000,0,0,0,0,0,0,0,0,0,0,'111110003601','Dena Bank','MED/GUJ/26375','','','','','salary'),(46,1888,'SNEHLATA J. CHAUDHARI','','','salary of Feb 2017',51600,9000,15150,94688,240,15150,300,100,1600,0,0,0,0,0,0,0,0,21000,0,200,120,280,40000,0,0,0,0,0,0,0,0,0,0,'111110003601','Dena Bank','MED/GUJ/26375','','','','','salary'),(46,170204,'SNEHLATA J. CHAUDHARI','','','salary of Feb 2017',51600,9000,15150,94688,240,15150,300,100,1600,0,0,0,0,0,0,0,0,21000,0,200,120,280,40000,0,0,0,0,0,0,0,0,0,0,'111110003601','Dena Bank','MED/GUJ/26375','','','','','salary'),(47,22,'TEJAL A. CHAUDHARI','','','salary of Feb 2017',19370,7000,6593,41204,240,0,300,100,0,0,0,0,0,0,0,0,0,9400,400,200,0,0,0,0,0,0,0,0,0,0,0,0,0,'111110032641','Dena Bank','NOT ALLOTED','','','','','salary'),(47,888,'TEJAL A. CHAUDHARI','','','salary of Feb 2017',19370,7000,6593,41204,240,0,300,100,0,0,0,0,0,0,0,0,0,9400,400,200,0,0,0,0,0,0,0,0,0,0,0,0,0,'111110032641','Dena Bank','NOT ALLOTED','','','','','salary'),(47,999,'TEJAL A. CHAUDHARI','','','salary of Feb 2017',19370,7000,6593,41204,240,0,300,100,0,0,0,0,0,0,0,0,0,9400,400,200,0,0,0,0,0,0,0,0,0,0,0,0,0,'111110032641','Dena Bank','NOT ALLOTED','','','','','salary'),(47,1888,'TEJAL A. CHAUDHARI','','','salary of Feb 2017',19370,7000,6593,41204,240,0,300,100,0,0,0,0,0,0,0,0,0,9400,400,200,0,0,0,0,0,0,0,0,0,0,0,0,0,'111110032641','Dena Bank','NOT ALLOTED','','','','','salary'),(47,170204,'TEJAL A. CHAUDHARI','','','salary of Feb 2017',19370,7000,6593,41204,240,0,300,100,0,0,0,0,0,0,0,0,0,9400,400,200,0,0,0,0,0,0,0,0,0,0,0,0,0,'111110032641','Dena Bank','NOT ALLOTED','','','','','salary'),(48,22,'VASUDHA M. BHAGAT','','','salary of Feb 2017',59000,9000,17000,106250,240,0,300,100,0,0,0,0,0,0,0,0,0,55000,1040,200,120,280,15000,0,0,0,0,0,0,0,0,0,0,'111110001928','Dena Bank','MED/GUJ/26423','','','','','salary'),(48,888,'VASUDHA M. BHAGAT','','','salary of Feb 2017',59000,9000,17000,106250,240,0,300,100,0,0,0,0,0,0,0,0,0,55000,1040,200,120,280,15000,0,0,0,0,0,0,0,0,0,0,'111110001928','Dena Bank','MED/GUJ/26423','','','','','salary'),(48,999,'VASUDHA M. BHAGAT','','','salary of Feb 2017',59000,9000,17000,106250,240,0,300,100,0,0,0,0,0,0,0,0,0,55000,1040,200,120,280,15000,0,0,0,0,0,0,0,0,0,0,'111110001928','Dena Bank','MED/GUJ/26423','','','','','salary'),(48,1888,'VASUDHA M. BHAGAT','','','salary of Feb 2017',59000,9000,17000,106250,240,0,300,100,0,0,0,0,0,0,0,0,0,55000,1040,200,120,280,15000,0,0,0,0,0,0,0,0,0,0,'111110001928','Dena Bank','MED/GUJ/26423','','','','','salary'),(48,170204,'VASUDHA M. BHAGAT','','','salary of Feb 2017',59000,9000,17000,106250,240,0,300,100,0,0,0,0,0,0,0,0,0,55000,1040,200,120,280,15000,0,0,0,0,0,0,0,0,0,0,'111110001928','Dena Bank','MED/GUJ/26423','','','','','salary'),(49,22,'VIJAY B. SHAH','','','salary of Feb 2017',58000,10000,17000,106250,240,17000,300,100,1600,0,0,0,0,0,0,0,0,28000,0,200,120,280,9000,0,0,0,0,0,0,0,0,0,0,'111110001812','Dena Bank','MED/GUJ/26508','','','','','salary'),(49,888,'VIJAY B. SHAH','','','salary of Feb 2017',58000,10000,17000,106250,240,17000,300,100,1600,0,0,0,0,0,0,0,0,28000,0,200,120,280,9000,0,0,0,0,0,0,0,0,0,0,'111110001812','Dena Bank','MED/GUJ/26508','','','','','salary'),(49,999,'VIJAY B. SHAH','','','salary of Feb 2017',58000,10000,17000,106250,240,17000,300,100,1600,0,0,0,0,0,0,0,0,28000,0,200,120,280,9000,0,0,0,0,0,0,0,0,0,0,'111110001812','Dena Bank','MED/GUJ/26508','','','','','salary'),(49,1888,'VIJAY B. SHAH','','','salary of Feb 2017',58000,10000,17000,106250,240,17000,300,100,1600,0,0,0,0,0,0,0,0,28000,0,200,120,280,9000,0,0,0,0,0,0,0,0,0,0,'111110001812','Dena Bank','MED/GUJ/26508','','','','','salary'),(49,170204,'VIJAY B. SHAH','','','salary of Feb 2017',58000,10000,17000,106250,240,17000,300,100,1600,0,0,0,0,0,0,0,0,28000,0,200,120,280,9000,0,0,0,0,0,0,0,0,0,0,'111110001812','Dena Bank','MED/GUJ/26508','','','','','salary'),(50,0,'VIPUL D. PATEL','Medicine','Professor','',23456,0,0,0,0,0,0,0,0,0,0,0,0,0,0,0,0,22,0,0,0,0,0,0,0,0,0,0,0,0,0,0,0,'0','Dena Bank','MED/GUJ/12490','','','','',''),(50,1,'VIPUL D. PATEL','Medicine','Professor','',23456,0,0,0,0,0,0,0,0,0,0,0,0,0,0,0,0,22,0,0,0,0,0,0,0,0,0,0,0,0,0,0,0,'0','Dena Bank','MED/GUJ/12490','','','','',''),(50,10,'VIPUL D. PATEL','','','',0,0,0,0,0,0,0,0,0,0,0,0,0,0,0,0,0,0,0,0,0,0,0,0,0,0,0,0,0,0,0,0,0,'0','Dena Bank','MED/GUJ/12490','','officer','','',''),(50,22,'VIPUL D. PATEL','Medicine','Professor','',23456,0,0,0,0,0,0,0,0,0,0,0,0,0,0,0,0,22,0,0,0,0,0,0,0,0,0,0,0,0,0,0,0,'0','Dena Bank','MED/GUJ/12490','','','','',''),(50,101,'VIPUL D. PATEL','Medicine','Associate Professor','',23456,0,0,0,0,0,0,0,0,0,0,0,0,0,0,0,0,22,0,0,0,0,0,0,0,0,0,0,0,0,0,0,0,'0','Dena Bank','MED/GUJ/12490','','','','',''),(50,170312,'VIPUL D. PATEL','Medicine','Professor','',23456,0,0,0,0,0,0,0,0,0,0,0,0,0,0,0,0,22,0,0,0,0,0,0,0,0,0,0,0,0,0,0,0,'0','Dena Bank','MED/GUJ/12490','','','','',''),(50,170404,'VIPUL D. PATEL','Medicine','Professor','',23456,0,0,0,0,0,0,0,0,0,0,0,0,0,0,0,0,22,0,0,0,0,0,0,0,0,0,0,0,0,0,0,0,'0','Dena Bank','MED/GUJ/12490','','','','',''),(50,170804,'VIPUL D. PATEL','Medicine','Professor','',23456,0,0,0,0,0,0,0,0,0,0,0,0,0,0,0,0,22,0,0,0,0,0,0,0,0,0,0,0,0,0,0,0,'0','Dena Bank','MED/GUJ/12490','','','','',''),(50,171204,'VIPUL D. PATEL','Medicine','Professor','',23456,0,0,0,0,0,0,0,0,0,0,0,0,0,0,0,0,22,0,0,0,0,0,0,0,0,0,0,0,0,0,0,0,'0','Dena Bank','MED/GUJ/12490','','','','',''),(50,171207,'VIPUL D. PATEL','Medicine','Professor','',23456,333,0,0,0,0,0,0,0,0,0,0,0,0,0,0,0,22,0,0,0,0,0,0,0,0,0,0,0,0,0,0,0,'0','Dena Bank','MED/GUJ/12490','','','','','');
/*!40000 ALTER TABLE `salary_old` ENABLE KEYS */;
UNLOCK TABLES;

--
-- Table structure for table `staff`
--

DROP TABLE IF EXISTS `staff`;
/*!40101 SET @saved_cs_client     = @@character_set_client */;
/*!40101 SET character_set_client = utf8 */;
CREATE TABLE `staff` (
  `staff_id` bigint(20) NOT NULL,
  `fullname` varchar(300) NOT NULL,
  `uid` bigint(20) NOT NULL,
  PRIMARY KEY (`staff_id`)
) ENGINE=InnoDB DEFAULT CHARSET=latin1;
/*!40101 SET character_set_client = @saved_cs_client */;

--
-- Dumping data for table `staff`
--

LOCK TABLES `staff` WRITE;
/*!40000 ALTER TABLE `staff` DISABLE KEYS */;
INSERT INTO `staff` VALUES (1,'A.N. PANDYA',0),(2,'ABHAY KAVISVAR',0),(3,'ALKA UDAYANIYA',0),(4,'ALPANA MATHUR',0),(5,'ALPESH PARMAR',0),(6,'ANAND V. CHAUDHARY',0),(7,'ANITA SINHA',0),(8,'ANJALI M. MODI',0),(9,'ANJANI SHRIVASTAVA',0),(10,'ANSHUL GUPTA',0),(11,'APEXA H. RANA',0),(12,'ARCHANA M. PATEL',0),(13,'ARPTIA J. NISHAL',0),(14,'ASHISH C. ZALA',0),(15,'ASTHA JAIN',0),(16,'B. DIVAKAR',0),(17,'B.M. JHA',0),(18,'B.V. UKANI',0),(19,'BHADRESH PRAJAPATI',0),(20,'BHARATI V. UMARVANSHI',0),(21,'BHAVNA GAMIT',0),(22,'BINA B. VAIDYA',0),(23,'BRIJAL S. PATEL',0),(24,'BRIJESH V. PARMAR',0),(25,'CHANDRESH I TAILOR',0),(26,'CHETAN ACHARYA',0),(27,'CHETNA R. PATEL',0),(28,'CHINTAN GAMIT',0),(29,'CHINTAN R. BHATT',0),(30,'D. D. UMRIGAR',0),(31,'D. S. PATIL',0),(32,'D.M. PARMAR',0),(33,'DAXA L. CHAVDA',0),(34,'DEEPSHIKHA DAVE',0),(35,'DEVANG M. DESAI',0),(36,'DEVENDRA R. CHAUDHARI',0),(37,'DHWANI DESAI',0),(38,'DIPTI THAKUR',0),(39,'EKTA PATEL',0),(40,'GANESH GOVEKAR',0),(41,'GEETA VAGHELA',0),(42,'GUNVANT VAISHNAV',0),(43,'HARDIK ASTIK',0),(44,'HARI J. MENON',0),(45,'HARSHAD M. PATEL',0),(46,'HETAL THAKAR',0),(47,'HINA G. CHAUDHARI',0),(48,'HITESH BHABHOR',0),(49,'HITESHREE PATEL',0),(50,'ILA B. UPADHYA',0),(51,'ISHA K. PATEL',0),(52,'J. M. BRAHMBHATT',0),(53,'J.K. KOSAMBIYA',0),(54,'JAGRUTI K. ANAVADIA',0),(55,'JATIN CHHAYA',0),(56,'JAYANT R. PATEL',0),(57,'JAYESH C. VASAVA',0),(58,'JAYMIN CONTRACTOR',0),(59,'JAYSHREE PATEL',0),(60,'JAYSHREE K. PATEL',0),(61,'JIGISHA PATADIA',0),(62,'JIGNESH PATEL',0),(63,'JIGNESH B. SHAH',0),(64,'JIGNESH B. PATEL',0),(65,'JIGNESH J. PATEL',0),(66,'JITENDRA N. PATEL',0),(67,'KALPAN R. DESAI',0),(68,'KAMLESH DAVE',0),(69,'KANCHAN V. KSHIRSAGAR',0),(70,'KEDAR A. TRIVEDI',0),(71,'KETAN B. CHAUHAN',0),(72,'KHUSHBU C. PATEL',0),(73,'KHYATI D. SHAMALIYA',0),(74,'KOMAL S. PATEL',0),(75,'KRUPALI D. PATEL',0),(76,'KUNJAN PATEL',0),(77,'LATIKA N. PUROHITH',0),(78,'M. H. MOMIN',0),(79,'M. K. VADEL',0),(80,'MAMTA RANI VERMA',0),(81,'MANDAKINI PATEL',0),(82,'MANISH CHAUDHARI',0),(83,'MANISH M. PATEL',0),(84,'MANOJ HALPATI',0),(85,'MAYUR A. JARAG',0),(86,'MAYUR A. CHAUDHARI',0),(87,'MEHUL MODI',0),(88,'MINAKSHI S. MODI',0),(89,'MOH.ANAS M. PATNI',0),(90,'MOHUA MOITRA',0),(91,'MUBIN I. PATEL',0),(92,'MUKESH PANCHOLI',0),(93,'NARESH T. CHAUHAN',0),(94,'NEELAM N. PARMAR',0),(95,'NEETA BACHLAUS',0),(96,'NEETA KHANDELWAL',0),(97,'NEHA D. PATEL',0),(98,'NIDHI D. PATEL',0),(99,'NILAM PRAJAPATI',0),(100,'NIMESH VERMA',0),(101,'NISHA BAROT',0),(102,'NITIN CHAUDHARI',0),(103,'NRUPAL C. PATEL',0),(104,'P. Z. WADIA',0),(105,'PARESH H. ZANZMERA',0),(106,'PARIMAL J. PATEL',0),(107,'PARUL J. UDHNAWALA',0),(108,'PAYAL DANGAR',0),(109,'PINAL C. SHAH',0),(110,'PINKAL SHAH',0),(111,'PIYUSH TAILOR',0),(112,'PRADEEP B. GUPTA',0),(113,'PRADHYUMAN CHAUDHARI',0),(114,'PRAKASH PATEL',0),(115,'PRAKASH P. MALAM',0),(116,'PRASHANT R. PATEL',0),(117,'PRITI KAPADIYA',0),(118,'PRITI YADAV',0),(119,'PRITI B. PATEL',0),(120,'PRIYANKA U. MODI',0),(121,'PUNEET SAXENA',0),(122,'PURVI DESAI',0),(123,'R. N. HATHILA',0),(124,'RAHUL B. DAMOR',0),(125,'RAHUL B. PATEL',0),(126,'RAHUL J. CHAUDHARI',0),(127,'RAJESHRI BODAT',0),(128,'RASHAVITA K PATEL',0),(129,'RINI TEKRIWAL',0),(130,'RITAL K. PATEL',0),(131,'RITAMBHARA MEHTA',0),(132,'ROHAN D. RANA',0),(133,'SANDEEP KANSAL',0),(134,'SANGEETA TRIVEDI',0),(135,'SANGITA B. RAJDEV',0),(136,'SARAL BHATIA',0),(137,'SARITA H. PATEL',0),(138,'SARITA J. MANGUKIYA',0),(139,'SHAILEE N. VYAS',0),(140,'SHARMISTHA PATEL',0),(141,'SHIVANI D. PATEL',0),(142,'SHWETA A. PATEL',0),(143,'SHWETA M. DESAI',0),(144,'SNEHLATA J. CHAUDHARI',0),(145,'STUTI A. JHALA',0),(146,'SUKESHA P. GAMIT',0),(147,'SUNAINA PATEL',0),(148,'SURESH G. PADSALA',0),(149,'SWAPNA APTE',0),(150,'SWAPNIL S. NALGE',0),(151,'SWETA T. GAMIT',0),(152,'TANVI R. SUKHARAMWALA',0),(153,'TEJAL A. CHAUDHARI',0),(154,'TRUPTI M. SOLU',0),(155,'VASUDHA M. BHAGAT',0),(156,'VIJAY B. SHAH',0),(157,'VIPUL CHAUDHARI',0),(158,'VIPUL D. PATEL',0),(159,'YOGESH U. PATEL',0),(160,'KUM. AMI D. PATHAK',0),(161,'Hemangi Patel',0),(162,'Ashish Vijaykumar',0),(163,'Viral Dipakkumar Shah',0),(164,'Rishikumar S Mathur',0),(165,'Pikesh M Modi',0),(166,'Maheshbhai M Chaudhari',0),(167,'Kaushikbhai B Naik',0),(168,'Praveen sharma',0),(169,'ALOK N PAREKH',0),(170,'AMISHA GHIWALA',0),(171,'AMIT L GAMIT',0),(172,'ANJU SHARMA',0),(173,'ANKIT RATHWA',0),(174,'ANKITA C PATEL',0),(175,'ANKUR N PATEL',0),(176,'ARCHANA P GUPTA',0),(177,'ARVINDKUMAR SHARMA',0),(178,'ASHVIN VASAVA',0),(179,'B K BAKSHI',0),(180,'BANSARI KANTHARIA',0),(181,'CHANDNI PATEL',0),(182,'DARSHANA DAVE',0),(183,'DIPAL JETHWA',0),(184,'DIVYANG N DAVE',0),(185,'FALGUNI PATEL',0),(186,'GUNVANT R PARMAR',0),(187,'HARSHA R PATEL',0),(188,'HEMANGINI B CHAUDHARI',0),(189,'HINAL BHAGAT',0),(190,'JIGNASA J PATEL',0),(191,'KN BHATT',0),(192,'KALPESH VADODARIYA',0),(193,'KIRTI P MEHTA',0),(194,'M Z PATEL',0),(195,'MAHESH G SOLU',0),(196,'MANISH SHARMA',0),(197,'MANISHA B RATHOD',0),(198,'MITUL K BHUT',0),(199,'MOHANAS M PATNI',0),(200,'MUKESH M SUMRA',0),(201,'ND KANTHARIA',0),(202,'NEETA A KAWISHWAR',0),(203,'NRUPAL C PATEL',0),(204,'PALLAVI A CHAUDHARI',0),(205,'PARESH V CHANDEGARA',0),(206,'PARUL VADGAMA',0),(207,'PINAKINI SOLANKI',0),(208,'PRASHANT V KARIYA',0),(210,'PRIYESH H PATEL',0),(211,'RAGINI VERMA',0),(212,'SANJEEV RAO',0),(213,'SHAILESH M PATEL',0),(214,'SONAM K PARIKH',0),(215,'STUTI A JHALA',0),(216,'SUMAIYA MULLAH',0),(217,'TEJAS B PATEL',0),(218,'TINKAL PATEL',0),(219,'VIVEK R GARG',0);
/*!40000 ALTER TABLE `staff` ENABLE KEYS */;
UNLOCK TABLES;

--
-- Table structure for table `staff_position`
--

DROP TABLE IF EXISTS `staff_position`;
/*!40101 SET @saved_cs_client     = @@character_set_client */;
/*!40101 SET character_set_client = utf8 */;
CREATE TABLE `staff_position` (
  `staff_position_id` int(11) NOT NULL DEFAULT '0',
  `department` varchar(100) NOT NULL,
  `_post` varchar(100) NOT NULL,
  PRIMARY KEY (`staff_position_id`)
) ENGINE=InnoDB DEFAULT CHARSET=latin1;
/*!40101 SET character_set_client = @saved_cs_client */;

--
-- Dumping data for table `staff_position`
--

LOCK TABLES `staff_position` WRITE;
/*!40000 ALTER TABLE `staff_position` DISABLE KEYS */;
INSERT INTO `staff_position` VALUES (110101,'ANAESTHESI','PRO'),(110201,'ANAESTHESI','ASO'),(110301,'ANAESTHESI','A.P'),(110302,'ANAESTHESI','A.P'),(120101,'ANATOMY','PRO'),(120201,'ANATOMY','ASO'),(120202,'ANATOMY','ASO'),(120401,'ANATOMY','TUT'),(120402,'ANATOMY','TUT'),(120403,'ANATOMY','TUT'),(130301,'ANESTHESIA','A.P'),(130401,'ANESTHESIA','TUT'),(140101,'BIOCHEMIS','PRO'),(140201,'BIOCHEMIS','ASO'),(140301,'BIOCHEMIS','A.P'),(140302,'BIOCHEMIS','A.P'),(140401,'BIOCHEMIS','TUT'),(150101,'DENTISTRY','PRO'),(150201,'DENTESTRY','ASO'),(160101,'E.N.T.','PRO'),(160301,'E.N.T.','A.P'),(170301,'EM.MEDICIN','A.P'),(180101,'FOR.MEDI','PRO'),(180201,'FOR.MEDI','ASO'),(180202,'FOR.MEDI','ASO'),(180301,'FOR.MEDI','A.P'),(180302,'FOR.MEDI','A.P'),(180401,'FOR.MEDI','TUT'),(180402,'FOR.MEDI','TUT'),(190201,'MEDICINE','ASO'),(190202,'MEDICINE','ASO'),(190203,'MEDICINE','ASO'),(190204,'MEDICINE','ASO'),(190301,'MEDICINE','A.P'),(190302,'MEDICINE','A.P'),(190303,'MEDICINE','A.P'),(190304,'MEDICINE','A.P'),(190305,'MEDICINE','A.P'),(200101,'MICROBIOLO','PRO'),(200201,'MICROBIOLO','ASO'),(200205,'MICROBIOLO','ASO'),(200301,'MICROBIOLO','A.P'),(200401,'MICROBIOLO','TUT'),(200402,'MICROBIOLO','TUT'),(210101,'NEUR.SURG.','PRO'),(220101,'OBST.& GYN','PRO'),(220201,'OBST.& GYN','ASO'),(220301,'O.G.(MCHO)','A.P'),(220302,'OBST.GYNEC','A.P'),(220303,'OBST.GYNEC','A.P'),(230101,'ORTHOPADIC','PRO'),(230301,'ORTHOPEDIC','A.P'),(240101,'P.S.M.','PRO'),(240201,'P.S.M.','ASO'),(240202,'P.S.M.','ASO'),(240301,'P.S.M.','A.P'),(240501,'P.S.M.','ETM'),(240601,'P.S.M.','LMO'),(240602,'P.S.M.','LMO'),(240901,'P.S.M.','V.OF'),(250101,'PAEDIATRIC','PRO'),(250201,'PAEDIATRIC','ASO'),(250701,'PAEDIATRIC','CHIL'),(260201,'PATHOLOGY','ASO'),(260202,'PATHOLOGY','ASO'),(260203,'PATHOLOGY','ASO'),(260204,'PATHOLOGY','ASO'),(260301,'PATHOLOGY','A.P'),(260302,'PATHOLOGY','A.P'),(260303,'PATHOLOGY','A.P'),(260401,'PATHOLOGY','TUT'),(260402,'PATHOLOGY','TUT'),(270101,'PHARMACOLO','PRO'),(270201,'PHARMACOLO','ASO'),(270301,'PHARMACOLO','A.P'),(270302,'PHARMECOLO','A.P'),(270801,'PHARMACOLO','CHE'),(280101,'PHYSIOLOGY','PRO'),(280201,'PHYSIOLOGY','ASO'),(280303,'PHYSIOLOGY','A.P'),(280401,'PHYSIOLOGY','TUT'),(280402,'PHYSIOLOGY','TUT'),(280403,'PHYSIOLOGY','TUT'),(280404,'PHYSIOLOGY','TUT'),(290201,'PSYCHIATRY','ASO'),(290301,'PSYCHIATRY','A.P'),(290302,'PSYCHIATRY','A.P'),(300101,'RADIOTHERA','PRO'),(300303,'RADIOTHERA','A.P'),(310101,'RADIOLOGY','PRO'),(310304,'RADIOLOGY','A.P'),(310401,'RADIOLOGY','TUT'),(320201,'SKIN & V.D','ASO'),(330101,'SURGERY','PRO'),(330201,'SURGERY','ASO'),(330202,'SURGERY','ASO'),(330203,'SURGERY','ASO'),(330301,'SURGERY','A.P'),(330302,'SURGERY','A.P'),(330303,'SURGERY','A.P'),(340301,'T.B.','A.P'),(350101,'UROLOGY','PRO'),(350201,'UROLOGY','ASO'),(350301,'UROLOGY','A.P'),(360101,'OPHTHAMOLO','PRO');
/*!40000 ALTER TABLE `staff_position` ENABLE KEYS */;
UNLOCK TABLES;

--
-- Table structure for table `user`
--

DROP TABLE IF EXISTS `user`;
/*!40101 SET @saved_cs_client     = @@character_set_client */;
/*!40101 SET character_set_client = utf8 */;
CREATE TABLE `user` (
  `id` bigint(11) NOT NULL,
  `name` varchar(100) NOT NULL,
  `password` varchar(300) NOT NULL,
  `department` varchar(100) NOT NULL,
  `unit` varchar(10) NOT NULL,
  `right` int(11) NOT NULL DEFAULT '0',
  PRIMARY KEY (`id`)
) ENGINE=InnoDB DEFAULT CHARSET=latin1;
/*!40101 SET character_set_client = @saved_cs_client */;

--
-- Dumping data for table `user`
--

LOCK TABLES `user` WRITE;
/*!40000 ALTER TABLE `user` DISABLE KEYS */;
INSERT INTO `user` VALUES (1,'one','a757fca850da9cd0671fc60102e538cd','','',0),(925799566345,'Akbar Rathod','250cf8b51c773f3f8dc8b4be867a9a02','','',0),(995369138876,'Heena Thkurel','68053af2923e00204c3ca7c6a3150cf7','','',0);
/*!40000 ALTER TABLE `user` ENABLE KEYS */;
UNLOCK TABLES;
/*!40103 SET TIME_ZONE=@OLD_TIME_ZONE */;

/*!40101 SET SQL_MODE=@OLD_SQL_MODE */;
/*!40014 SET FOREIGN_KEY_CHECKS=@OLD_FOREIGN_KEY_CHECKS */;
/*!40014 SET UNIQUE_CHECKS=@OLD_UNIQUE_CHECKS */;
/*!40101 SET CHARACTER_SET_CLIENT=@OLD_CHARACTER_SET_CLIENT */;
/*!40101 SET CHARACTER_SET_RESULTS=@OLD_CHARACTER_SET_RESULTS */;
/*!40101 SET COLLATION_CONNECTION=@OLD_COLLATION_CONNECTION */;
/*!40111 SET SQL_NOTES=@OLD_SQL_NOTES */;

-- Dump completed on 2017-04-16 20:04:19
